citacao;ocorrencias;qtd_skills;skills
LEI 8213/1991;942;146;admissibilidade-barreiras-crps, analise-bpc-loas, analise-documental-incapacidade, aposentadoria-deficiencia, aposentadoria-idade-hibrida, aposentadoria-professor-rgps, auditoria-laudo-pericial, auxilio-acidente-b94, auxilio-reclusao-previdenciario, base-acumulacao-beneficios-ec103-art24, base-aluno-aprendiz, base-analise-decisao-tres-eixos, base-aposentadoria-direito-adquirido, base-aposentadoria-especial-transicao-ec103, base-aposentadoria-regra-permanente-ec103, base-auxilio-acidente-b94-pos-reforma, base-auxilio-reclusao-pos-reforma, base-b94-anexo-iii-quadros, base-b94-cessacao-acumulacao-vedacao, base-b94-integracao-salario-beneficio-tema862, base-b94-nexo-acidentario-ntep, base-b94-sequela-minima-tema201, base-bpc-aposentadoria-pcd-procedimentos, base-bpc-comprometimento-renda, base
EC 103/2019;365;66;aposentadoria-deficiencia, aposentadoria-idade-hibrida, aposentadoria-professor-rgps, auditoria-ppp, auxilio-reclusao-previdenciario, base-acumulacao-beneficios-ec103-art24, base-aposentadoria-direito-adquirido, base-aposentadoria-especial-transicao-ec103, base-aposentadoria-pcd-lc142, base-aposentadoria-regra-permanente-ec103, base-aposentadoria-transicao-ec103, base-auxilio-acidente-b94-pos-reforma, base-auxilio-reclusao-pos-reforma, base-bpc-loas-requisitos, base-calculo-rmi-ec103, base-cnis-acerto-indicadores, base-contagem-reciproca-rgps-rpps, base-contribuinte-em-dobro-lops-art9, base-desaposentacao-reaposentacao, base-documentos-comprobatorios-in128, base-erro-administrativo-iea-13975, base-especial-ruido, base-fungibilidade-previdenciaria, base-incapacidade-acidentaria-b92, base-in
IN 128/2022;347;89;admissibilidade-barreiras-crps, aposentadoria-deficiencia, aposentadoria-idade-hibrida, aposentadoria-professor-rgps, auditoria-ppp, auxilio-acidente-b94, auxilio-reclusao-previdenciario, base-aluno-aprendiz, base-b94-anexo-iii-quadros, base-b94-cessacao-acumulacao-vedacao, base-b94-integracao-salario-beneficio-tema862, base-b94-nexo-acidentario-ntep, base-b94-sequela-minima-tema201, base-calculo-rmi-ec103, base-carencia-por-especie-art27a, base-cnis-acerto-indicadores, base-contagem-reciproca-rgps-rpps, base-contribuinte-em-dobro-lops-art9, base-cpc-fato-superveniente-art493, base-crps-panorama-geral, base-desaposentacao-reaposentacao, base-documentos-comprobatorios-in128, base-erro-administrativo-iea-13975, base-especial-agentes-biologicos, base-especial-agentes-quimicos, base-especial-c
DECRETO 3048;329;91;admissibilidade-barreiras-crps, analise-documental-incapacidade, aposentadoria-deficiencia, aposentadoria-idade-hibrida, aposentadoria-professor-rgps, auditoria-ppp, auxilio-acidente-b94, auxilio-reclusao-previdenciario, base-aposentadoria-direito-adquirido, base-aposentadoria-especial-transicao-ec103, base-aposentadoria-regra-permanente-ec103, base-auxilio-acidente-b94-pos-reforma, base-auxilio-reclusao-pos-reforma, base-b94-anexo-iii-quadros, base-b94-cessacao-acumulacao-vedacao, base-b94-integracao-salario-beneficio-tema862, base-b94-nexo-acidentario-ntep, base-b94-sequela-minima-tema201, base-carencia-por-especie-art27a, base-contribuinte-em-dobro-lops-art9, base-cpc-fato-superveniente-art493, base-crps-panorama-geral, base-desaposentacao-reaposentacao, base-devolucao-valores-irrepetib
LC 142/2013;184;40;analise-bpc-loas, aposentadoria-deficiencia, auxilio-acidente-b94, base-aposentadoria-especial-transicao-ec103, base-aposentadoria-pcd-lc142, base-bpc-aposentadoria-pcd-procedimentos, base-bpc-impedimento-longo-prazo, base-bpc-loas-requisitos, base-documentos-comprobatorios-in128, base-erro-administrativo-iea-13975, base-fungibilidade-previdenciaria, base-legislacao-fontes-primarias, base-modelo-relatorio-medico-aposentadoria-pcd-lc142, base-modelo-relatorio-medico-bpc-loas-deficiente, base-modelo-relatorio-medico-incapacidade-b31-b91-b92, base-mpf-pfdc-prm-defesa-segurado, base-notificacao-extrajudicial-mapeamento-institucional, base-pcd-conversao-tempo-especial-pcd, base-pcd-deficiencia-auditiva-visual, base-pcd-did-retroativa, base-pcd-fibromialgia-lei15176, base-pcd-if-bra-metodologia,
TEMA 1124/STJ;138;60;admissibilidade-barreiras-crps, analise-documental-incapacidade, aposentadoria-idade-hibrida, aposentadoria-professor-rgps, auditoria-ppp, auxilio-reclusao-previdenciario, base-aluno-aprendiz, base-analise-contestacao-inss, base-aposentadoria-direito-adquirido, base-aposentadoria-transicao-ec103, base-bpc-aposentadoria-pcd-procedimentos, base-contagem-reciproca-rgps-rpps, base-cpc-tutela-provisoria-previdenciaria, base-crps-panorama-geral, base-documentos-comprobatorios-in128, base-efeito-translativo-tema-1124-defesa, base-erro-administrativo-iea-13975, base-fungibilidade-previdenciaria, base-jef-trf3-manual-2025, base-ms-cabimento-direito-liquido-certo, base-peticao-previdenciaria-padrao-visual, base-planejamento-previdenciario, base-portarias-dpmf-inss-hub, base-precedentes-catalogo-vinc
LEI 13146/2015;112;33;analise-bpc-loas, aposentadoria-deficiencia, auditoria-laudo-pericial, base-aposentadoria-pcd-lc142, base-bpc-aposentadoria-pcd-procedimentos, base-bpc-comprometimento-renda, base-bpc-impedimento-longo-prazo, base-bpc-loas-requisitos, base-bpc-pbf-anuencia-in54-2026, base-cadastro-domiciliar-cadunico-in21-2026, base-canais-falabr-corregedoria-cgu, base-efeito-translativo-tema-1124-defesa, base-erro-administrativo-iea-13975, base-legislacao-fontes-primarias, base-modelo-relatorio-medico-aposentadoria-pcd-lc142, base-modelo-relatorio-medico-bpc-loas-deficiente, base-mpf-pfdc-prm-defesa-segurado, base-notificacao-extrajudicial-mapeamento-institucional, base-pcd-deficiencia-auditiva-visual, base-pcd-if-bra-metodologia, base-pericia-medica-federal-telepericia, base-pfe-inss-anpd-dpu-conade, bas
LEI 13846/2019;110;25;auxilio-acidente-b94, auxilio-reclusao-previdenciario, base-acumulacao-beneficios-ec103-art24, base-aposentadoria-regra-permanente-ec103, base-auxilio-acidente-b94-pos-reforma, base-auxilio-reclusao-pos-reforma, base-carencia-por-especie-art27a, base-incapacidade-b31-temporaria, base-legislacao-fontes-primarias, base-pensao-por-morte-pos-reforma, base-pensao-por-morte-uniao-estavel-prova, base-pericia-medica-federal-telepericia, base-portarias-dpmf-inss-hub, base-precedentes-catalogo-vinculantes, base-recurso-crps-peca-enxuta, base-revisao-atividades-concomitantes-tema1070, base-revisao-peticao-aprofundada, base-segurado-especial-autodeclaracao-arts-92-93-94, base-termo-inicial-dib-por-especie, base-tru-trf3-sumulas-jurisprudencia, carta-servicos-inss, decadencia-revisao-previdenciaria, im
TEMA 350/STF;107;37;admissibilidade-barreiras-crps, auxilio-reclusao-previdenciario, base-aluno-aprendiz, base-analise-contestacao-inss, base-aposentadoria-direito-adquirido, base-aposentadoria-regra-permanente-ec103, base-aposentadoria-transicao-ec103, base-auxilio-acidente-b94-pos-reforma, base-bpc-aposentadoria-pcd-procedimentos, base-calculo-rmi-ec103, base-canais-falabr-corregedoria-cgu, base-contagem-reciproca-rgps-rpps, base-cpc-fato-superveniente-art493, base-efeito-translativo-tema-1124-defesa, base-erro-administrativo-iea-13975, base-fungibilidade-previdenciaria, base-incapacidade-b31-temporaria, base-incapacidade-b91-permanente, base-jef-previdenciario, base-mpf-pfdc-prm-defesa-segurado, base-notificacao-extrajudicial-mapeamento-institucional, base-pericia-medica-federal-telepericia, base-planejame
TEMA 995/STJ;98;45;base-aposentadoria-direito-adquirido, base-aposentadoria-especial-transicao-ec103, base-aposentadoria-pcd-lc142, base-aposentadoria-regra-permanente-ec103, base-aposentadoria-transicao-ec103, base-auxilio-acidente-b94-pos-reforma, base-auxilio-reclusao-pos-reforma, base-b94-anexo-iii-quadros, base-b94-cessacao-acumulacao-vedacao, base-b94-integracao-salario-beneficio-tema862, base-b94-nexo-acidentario-ntep, base-b94-sequela-minima-tema201, base-bpc-aposentadoria-pcd-procedimentos, base-bpc-impedimento-longo-prazo, base-bpc-loas-requisitos, base-bpc-renda-per-capita-miserabilidade, base-cpc-fato-superveniente-art493, base-cpc-honorarios-sucumbencia-previdenciaria, base-desaposentacao-reaposentacao, base-fungibilidade-previdenciaria, base-incapacidade-acidentaria-b92, base-incapacidade-b31-t
DECRETO 12534/2025;95;10;analise-bpc-loas, base-bpc-aposentadoria-pcd-procedimentos, base-bpc-loas-requisitos, base-bpc-pbf-anuencia-in54-2026, base-bpc-renda-per-capita-miserabilidade, base-legislacao-fontes-primarias, base-modelo-relatorio-medico-bpc-loas-deficiente, base-precedentes-catalogo-vinculantes, bpc-renda-grupo-familiar, carta-servicos-inss
PORTARIA 991/2022;93;35;auxilio-acidente-b94, base-aposentadoria-direito-adquirido, base-aposentadoria-especial-transicao-ec103, base-aposentadoria-pcd-lc142, base-aposentadoria-regra-permanente-ec103, base-aposentadoria-transicao-ec103, base-auxilio-acidente-b94-pos-reforma, base-b94-anexo-iii-quadros, base-b94-cessacao-acumulacao-vedacao, base-b94-integracao-salario-beneficio-tema862, base-b94-nexo-acidentario-ntep, base-b94-sequela-minima-tema201, base-calculo-rmi-ec103, base-documentos-comprobatorios-in128, base-incapacidade-acidentaria-b92, base-incapacidade-b31-temporaria, base-incapacidade-b91-permanente, base-legislacao-fontes-primarias, base-pcd-conversao-tempo-especial-pcd, base-pensao-por-morte-pos-reforma, base-pensao-por-morte-uniao-estavel-prova, base-portarias-dpmf-inss-hub, base-professor-regra-tr
LEI 8742/1993;88;29;analise-bpc-loas, aposentadoria-deficiencia, base-bpc-aposentadoria-pcd-procedimentos, base-bpc-comprometimento-renda, base-bpc-impedimento-longo-prazo, base-bpc-loas-requisitos, base-bpc-pbf-anuencia-in54-2026, base-bpc-renda-per-capita-miserabilidade, base-cadastro-domiciliar-cadunico-in21-2026, base-fungibilidade-previdenciaria, base-legislacao-fontes-primarias, base-modelo-relatorio-medico-bpc-loas-deficiente, base-pcd-fibromialgia-lei15176, base-precedentes-catalogo-vinculantes, base-puil-pedilef-vedacao-materia-processual, base-recurso-crps-peca-enxuta, base-revisao-peticao-aprofundada, base-siglas-inss, base-termo-inicial-dib-por-especie, base-tru-trf3-sumulas-jurisprudencia, base-validacao-formal-laudo-medico-checklist-ab, bpc-renda-grupo-familiar, carta-servicos-inss, deficiencia-
LEI 13460/2017;85;22;admissibilidade-barreiras-crps, base-aposentadoria-regra-permanente-ec103, base-aposentadoria-transicao-ec103, base-bpc-aposentadoria-pcd-procedimentos, base-bpc-loas-requisitos, base-bpc-pbf-anuencia-in54-2026, base-cadastro-domiciliar-cadunico-in21-2026, base-canais-falabr-corregedoria-cgu, base-efeito-translativo-tema-1124-defesa, base-erro-administrativo-iea-13975, base-ms-cabimento-direito-liquido-certo, base-ms-decadencia-omissao-demora, base-notificacao-extrajudicial-mapeamento-institucional, base-peticao-previdenciaria-padrao-visual, base-reabilitacao-profissional-portaria-1310-1333, base-recurso-crps-peca-enxuta, formacao-documentacao-did-pcd, lei-13460-usuario-servico-publico, peticao-previdenciaria, ponte-workflow-pensao-por-morte, ponte-workflow-reabilitacao-profissional, revis
TEMA 1090/STJ;79;23;auditoria-ppp, base-aposentadoria-especial-transicao-ec103, base-especial-agentes-biologicos, base-especial-agentes-quimicos, base-especial-calor-nho06, base-especial-eletricidade-periculosidade, base-especial-epi, base-especial-frio-camara-frigorifica, base-especial-penosidade-enfermagem-petroleiro, base-especial-periculosidade-motociclista-nr16-anexov, base-especial-ppp-mudanca-layout-historico, base-especial-radiacao-ionizante, base-especial-vibracao, base-portarias-dpmf-inss-hub, base-precedentes-catalogo-vinculantes, base-tema383-tnu-fundacentro-epi-biologicos, base-tempo-especial-conversao, base-tolueno-tema-382-tnu-via-cutanea, carta-servicos-inss, defesa-probatoria-especial, precedentes-previdenciarios, printscreen-impacto, tempo-especial-peticoes-por-rito
PORTARIA 990/2022;71;35;base-aluno-aprendiz, base-aposentadoria-direito-adquirido, base-aposentadoria-especial-transicao-ec103, base-aposentadoria-pcd-lc142, base-aposentadoria-regra-permanente-ec103, base-aposentadoria-transicao-ec103, base-auxilio-reclusao-pos-reforma, base-bpc-aposentadoria-pcd-procedimentos, base-bpc-loas-requisitos, base-calculo-rmi-ec103, base-cnis-acerto-indicadores, base-contagem-reciproca-rgps-rpps, base-fungibilidade-previdenciaria, base-incapacidade-b31-temporaria, base-incapacidade-b91-permanente, base-pensao-por-morte-pos-reforma, base-pensao-por-morte-uniao-estavel-prova, base-peticao-previdenciaria-padrao-visual, base-portarias-dpmf-inss-hub, base-revisao-peticao-aprofundada, base-rubricas-pagamento-inss, base-salario-contribuicao-limites, base-salario-maternidade-pos-reforma, base
LEI 10259/2001;71;16;base-bpc-aposentadoria-pcd-procedimentos, base-cpc-tutela-provisoria-previdenciaria, base-cumprimento-sentenca-rpv-precatorio, base-efeito-translativo-tema-1124-defesa, base-jef-previdenciario, base-jef-trf3-manual-2025, base-precedentes-catalogo-vinculantes, base-puil-pedilef-vedacao-materia-processual, base-recursos-jef, base-revisao-peticao-aprofundada, base-tnu-admissibilidade-manual, base-tru-trf3-sumulas-jurisprudencia, defesa-probatoria-especial, execucao-cumprimento-previdenciario, lei-14128-covid-saude, pedilef-cotejo-analitico-tnu
LEI 15176/2025;65;13;analise-bpc-loas, aposentadoria-deficiencia, base-aposentadoria-pcd-lc142, base-bpc-impedimento-longo-prazo, base-modelo-relatorio-medico-aposentadoria-pcd-lc142, base-modelo-relatorio-medico-bpc-loas-deficiente, base-pcd-fibromialgia-lei15176, base-pcd-if-bra-metodologia, base-validacao-formal-laudo-medico-checklist-ab, carta-servicos-inss, formacao-documentacao-did-pcd, orientacao-cliente-pericia, relatorio-medico-assistente
ADI 3772;65;8;aposentadoria-professor-rgps, base-professor-direito-adquirido-ec20, base-professor-educacao-infantil-lei15326, base-professor-regra-transicao-idade-progressiva-ec103, base-professor-regra-transicao-pedagio-ec103, base-professor-regra-transicao-pontos-ec103, carta-servicos-inss, precedentes-previdenciarios
RESP 2246096;64;33;base-acumulacao-beneficios-ec103-art24, base-aposentadoria-direito-adquirido, base-aposentadoria-especial-transicao-ec103, base-aposentadoria-pcd-lc142, base-aposentadoria-regra-permanente-ec103, base-aposentadoria-transicao-ec103, base-auxilio-acidente-b94-pos-reforma, base-auxilio-reclusao-pos-reforma, base-b94-anexo-iii-quadros, base-b94-cessacao-acumulacao-vedacao, base-b94-integracao-salario-beneficio-tema862, base-b94-nexo-acidentario-ntep, base-b94-sequela-minima-tema201, base-bpc-aposentadoria-pcd-procedimentos, base-bpc-impedimento-longo-prazo, base-bpc-loas-requisitos, base-bpc-renda-per-capita-miserabilidade, base-fungibilidade-previdenciaria, base-incapacidade-acidentaria-b92, base-incapacidade-b31-temporaria, base-incapacidade-b91-permanente, base-pensao-por-morte-pos-reforma,
LEI 12016/2009;64;18;auxilio-acidente-b94, base-acumulacao-beneficios-ec103-art24, base-bpc-aposentadoria-pcd-procedimentos, base-cpc-tutela-provisoria-previdenciaria, base-erro-administrativo-iea-13975, base-fungibilidade-previdenciaria, base-ms-cabimento-direito-liquido-certo, base-ms-competencia-autoridade-coatora-inss-crps, base-ms-cumprimento-inss, base-ms-decadencia-omissao-demora, base-ms-liminar-art7-iii, base-notificacao-extrajudicial-mapeamento-institucional, base-peticao-previdenciaria-padrao-visual, base-puil-pedilef-vedacao-materia-processual, base-revisao-peticao-aprofundada, mandado-seguranca-previdenciario, ms-competencia-autoridade-coatora, peticao-previdenciaria
LEI 9784/1999;64;18;admissibilidade-barreiras-crps, base-bpc-pbf-anuencia-in54-2026, base-cadastro-domiciliar-cadunico-in21-2026, base-canais-falabr-corregedoria-cgu, base-efeito-translativo-tema-1124-defesa, base-erro-administrativo-iea-13975, base-meu-inss-pat-gerid-fluxo, base-ms-decadencia-omissao-demora, base-notificacao-extrajudicial-mapeamento-institucional, base-pfe-inss-anpd-dpu-conade, base-portarias-dpmf-inss-hub, base-precedentes-catalogo-vinculantes, base-puil-pedilef-vedacao-materia-processual, formacao-documentacao-did-pcd, incidentes-instrucao-crps, inss-canais-atendimento, lei-13460-usuario-servico-publico, mandado-seguranca-previdenciario
LEI 15157/2025;62;11;analise-bpc-loas, base-bpc-aposentadoria-pcd-procedimentos, base-bpc-impedimento-longo-prazo, base-bpc-loas-requisitos, base-legislacao-fontes-primarias, base-modelo-relatorio-medico-bpc-loas-deficiente, base-recurso-crps-peca-enxuta, base-revisao-peticao-aprofundada, base-tru-trf3-sumulas-jurisprudencia, base-validacao-formal-laudo-medico-checklist-ab, carta-servicos-inss
SUMULA 198/TFR;57;15;base-especial-calor-nho06, base-especial-categoria-profissional-pre1995, base-especial-frio-camara-frigorifica, base-especial-penosidade-enfermagem-petroleiro, base-especial-periculosidade-motociclista-nr16-anexov, base-especial-ppp-mudanca-layout-historico, base-especial-radiacao-ionizante, base-especial-ruido, base-legislacao-fontes-primarias, base-tema383-tnu-fundacentro-epi-biologicos, base-tolueno-tema-382-tnu-via-cutanea, carta-servicos-inss, defesa-probatoria-especial, inicial, ponte-workflow-aposentadoria-especial
LEI 9876/1999;56;14;auxilio-acidente-b94, base-aposentadoria-direito-adquirido, base-calculo-rmi-ec103, base-planejamento-previdenciario, base-precedentes-catalogo-vinculantes, base-revisao-art29-melhor-beneficio, base-revisao-atividades-concomitantes-tema1070, base-revisao-vida-toda-rvt, base-siglas-inss, base-tru-trf3-sumulas-jurisprudencia, cnis-acerto-indicadores, contribuinte-individual-in128, impugnacao-cumprimento-concomitantes, indenizacao-contribuicoes-atraso
TEMA 334/STF;55;15;base-aposentadoria-direito-adquirido, base-aposentadoria-especial-transicao-ec103, base-aposentadoria-regra-permanente-ec103, base-aposentadoria-transicao-ec103, base-calculo-rmi-ec103, base-cpc-fato-superveniente-art493, base-desaposentacao-reaposentacao, base-fungibilidade-previdenciaria, base-planejamento-previdenciario, base-precedentes-catalogo-vinculantes, base-revisao-art29-melhor-beneficio, carta-servicos-inss, coisa-julgada-previdenciaria, reafirmacao-der, revisao-peticao
PORTARIA 992/2022;54;18;base-aposentadoria-direito-adquirido, base-aposentadoria-especial-transicao-ec103, base-aposentadoria-pcd-lc142, base-aposentadoria-regra-permanente-ec103, base-aposentadoria-transicao-ec103, base-auxilio-acidente-b94-pos-reforma, base-b94-integracao-salario-beneficio-tema862, base-calculo-rmi-ec103, base-incapacidade-acidentaria-b92, base-incapacidade-b31-temporaria, base-incapacidade-b91-permanente, base-legislacao-fontes-primarias, base-pensao-por-morte-pos-reforma, base-portarias-dpmf-inss-hub, base-revisao-peticao-aprofundada, base-rubricas-pagamento-inss, base-salario-maternidade-pos-reforma, tributacao-beneficios-previdenciarios
LC 142;54;16;aposentadoria-deficiencia, base-aposentadoria-futura-pipeline, base-aposentadoria-pcd-lc142, base-bpc-aposentadoria-pcd-procedimentos, base-bpc-impedimento-longo-prazo, base-legislacao-fontes-primarias, base-modelo-relatorio-medico-aposentadoria-pcd-lc142, base-pcd-conversao-tempo-especial-pcd, base-pcd-deficiencia-auditiva-visual, base-pcd-did-retroativa, base-pcd-if-bra-metodologia, base-portarias-dpmf-inss-hub, base-puil-pedilef-vedacao-materia-processual, direitos-pcd-previdenciarios, documentos-comprobatorios-in128, orientacao-cliente-pericia
TEMA 555/STF;52;20;auditoria-ppp, base-aposentadoria-especial-transicao-ec103, base-especial-agentes-biologicos, base-especial-eletricidade-periculosidade, base-especial-epi, base-especial-periculosidade-motociclista-nr16-anexov, base-especial-ppp-mudanca-layout-historico, base-especial-ruido, base-portarias-dpmf-inss-hub, base-precedentes-catalogo-vinculantes, base-revisao-peticao-aprofundada, base-tema383-tnu-fundacentro-epi-biologicos, base-tempo-especial-conversao, base-tolueno-tema-382-tnu-via-cutanea, carta-servicos-inss, defesa-probatoria-especial, documentos-comprobatorios-in128, ponte-workflow-aposentadoria-especial, retificacao-ppp, tempo-especial-peticoes-por-rito
TEMA 1066/STF;52;21;base-aposentadoria-futura-pipeline, base-bpc-aposentadoria-pcd-procedimentos, base-cadastro-domiciliar-cadunico-in21-2026, base-contagem-reciproca-rgps-rpps, base-crps-panorama-geral, base-dano-moral-previdenciario, base-devolucao-valores-irrepetibilidade-tema979-tema1034, base-efeito-translativo-tema-1124-defesa, base-jef-previdenciario, base-meu-inss-pat-gerid-fluxo, base-ms-cabimento-direito-liquido-certo, base-ms-competencia-autoridade-coatora-inss-crps, base-ms-cumprimento-inss, base-ms-decadencia-omissao-demora, base-ms-liminar-art7-iii, base-pericia-medica-federal-telepericia, base-precedentes-catalogo-vinculantes, base-reabilitacao-profissional, base-recursos-jef, base-revisao-peticao-aprofundada, mandado-seguranca-previdenciario
MP 871/2019;50;10;auxilio-reclusao-previdenciario, base-acumulacao-beneficios-ec103-art24, base-auxilio-reclusao-pos-reforma, base-carencia-por-especie-art27a, base-legislacao-fontes-primarias, base-precedentes-catalogo-vinculantes, base-revisao-atividades-concomitantes-tema1070, base-revisao-peticao-aprofundada, pensao-por-morte, periodo-graca-qualidade-segurado
LEI 8212/1991;50;17;base-aposentadoria-regra-permanente-ec103, base-facultativo-baixa-renda, base-legislacao-fontes-primarias, base-portarias-dpmf-inss-hub, base-precedentes-catalogo-vinculantes, base-recurso-crps-peca-enxuta, base-revisao-peticao-aprofundada, base-rt-ajuizamento-vinculo-previdenciario, base-salario-contribuicao-limites, base-segurado-especial-autodeclaracao-arts-92-93-94, carta-servicos-inss, contribuicoes-complementacao-ec103, contribuinte-individual-in128, indenizacao-contribuicoes-atraso, pensao-por-morte, periodo-graca-qualidade-segurado, segurado-especial-rural
SUMULA 43/TNU;50;9;base-cpc-nulidades-cerceamento, base-efeito-translativo-tema-1124-defesa, base-precedentes-catalogo-vinculantes, base-puil-pedilef-vedacao-materia-processual, base-recursos-jef, base-revisao-peticao-aprofundada, base-tnu-admissibilidade-manual, base-tru-trf3-sumulas-jurisprudencia, pedilef-cotejo-analitico-tnu
TEMA 416/STJ;47;14;auxilio-acidente-b94, base-auxilio-acidente-b94-pos-reforma, base-b94-anexo-iii-quadros, base-b94-nexo-acidentario-ntep, base-b94-sequela-minima-tema201, base-fungibilidade-previdenciaria, base-modelo-relatorio-medico-auxilio-acidente-b94, base-portarias-dpmf-inss-hub, base-precedentes-catalogo-vinculantes, base-termo-inicial-dib-por-especie, base-validacao-formal-laudo-medico-checklist-ab, carta-servicos-inss, mandado-seguranca-previdenciario, orientacao-cliente-pericia
DECRETO 6214/2007;47;20;analise-bpc-loas, auditoria-laudo-pericial, base-bpc-aposentadoria-pcd-procedimentos, base-bpc-comprometimento-renda, base-bpc-impedimento-longo-prazo, base-bpc-loas-requisitos, base-bpc-pbf-anuencia-in54-2026, base-bpc-renda-per-capita-miserabilidade, base-modelo-relatorio-medico-bpc-loas-deficiente, base-pcd-fibromialgia-lei15176, base-precedentes-catalogo-vinculantes, base-puil-pedilef-vedacao-materia-processual, base-recurso-crps-peca-enxuta, base-revisao-peticao-aprofundada, base-validacao-formal-laudo-medico-checklist-ab, bpc-renda-grupo-familiar, carta-servicos-inss, deficiencia-auditiva-previdenciaria, direitos-pcd-previdenciarios, orientacao-cliente-pericia
PORTARIA 34/2025;46;14;analise-bpc-loas, base-bpc-aposentadoria-pcd-procedimentos, base-bpc-impedimento-longo-prazo, base-bpc-loas-requisitos, base-bpc-renda-per-capita-miserabilidade, base-documentos-comprobatorios-in128, base-modelo-relatorio-medico-bpc-loas-deficiente, base-revisao-peticao-aprofundada, base-validacao-formal-laudo-medico-checklist-ab, bpc-renda-grupo-familiar, carta-servicos-inss, deficiencia-auditiva-previdenciaria, direitos-pcd-previdenciarios, orientacao-cliente-pericia
LEI 15326/2026;46;8;aposentadoria-professor-rgps, base-professor-direito-adquirido-ec20, base-professor-educacao-infantil-lei15326, base-professor-regra-transicao-idade-progressiva-ec103, base-professor-regra-transicao-pedagio-ec103, base-professor-regra-transicao-pontos-ec103, carta-servicos-inss, triagem-caso-novo
SUMULA 359/STF;44;8;base-acumulacao-beneficios-ec103-art24, base-aposentadoria-direito-adquirido, base-aposentadoria-transicao-ec103, base-contribuinte-em-dobro-lops-art9, base-planejamento-previdenciario, base-professor-direito-adquirido-ec20, carta-servicos-inss, precedentes-previdenciarios
TEMA 217/TNU;44;32;base-aposentadoria-direito-adquirido, base-aposentadoria-especial-transicao-ec103, base-aposentadoria-pcd-lc142, base-aposentadoria-regra-permanente-ec103, base-aposentadoria-transicao-ec103, base-auxilio-acidente-b94-pos-reforma, base-auxilio-reclusao-pos-reforma, base-b94-anexo-iii-quadros, base-b94-cessacao-acumulacao-vedacao, base-b94-integracao-salario-beneficio-tema862, base-b94-nexo-acidentario-ntep, base-b94-sequela-minima-tema201, base-bpc-aposentadoria-pcd-procedimentos, base-bpc-impedimento-longo-prazo, base-bpc-loas-requisitos, base-bpc-renda-per-capita-miserabilidade, base-fungibilidade-previdenciaria, base-incapacidade-acidentaria-b92, base-incapacidade-b31-temporaria, base-incapacidade-b91-permanente, base-pensao-por-morte-pos-reforma, base-pensao-por-morte-uniao-estavel-pro
TEMA 1018/STJ;43;33;base-aposentadoria-direito-adquirido, base-aposentadoria-especial-transicao-ec103, base-aposentadoria-pcd-lc142, base-aposentadoria-regra-permanente-ec103, base-aposentadoria-transicao-ec103, base-auxilio-acidente-b94-pos-reforma, base-auxilio-reclusao-pos-reforma, base-b94-anexo-iii-quadros, base-b94-cessacao-acumulacao-vedacao, base-b94-integracao-salario-beneficio-tema862, base-b94-nexo-acidentario-ntep, base-b94-sequela-minima-tema201, base-bpc-aposentadoria-pcd-procedimentos, base-bpc-impedimento-longo-prazo, base-bpc-loas-requisitos, base-bpc-renda-per-capita-miserabilidade, base-fungibilidade-previdenciaria, base-incapacidade-acidentaria-b92, base-incapacidade-b31-temporaria, base-incapacidade-b91-permanente, base-pensao-por-morte-pos-reforma, base-pensao-por-morte-uniao-estavel-pro
LEI 14768/2023;43;9;auxilio-acidente-b94, base-aposentadoria-pcd-lc142, base-modelo-relatorio-medico-aposentadoria-pcd-lc142, base-pcd-deficiencia-auditiva-visual, base-pcd-if-bra-metodologia, carta-servicos-inss, deficiencia-auditiva-previdenciaria, direitos-pcd-previdenciarios, orientacao-cliente-pericia
SUMULA 149/STJ;42;16;base-aposentadoria-direito-adquirido, base-cpc-onus-prova-art373, base-fungibilidade-previdenciaria, base-jef-trf3-manual-2025, base-pcd-did-retroativa, base-portarias-dpmf-inss-hub, base-precedentes-catalogo-vinculantes, base-puil-pedilef-vedacao-materia-processual, base-reclamatoria-trabalhista-prova-previdenciaria, base-rt-ajuizamento-vinculo-previdenciario, base-segurado-especial-autodeclaracao-arts-92-93-94, base-tempo-rural-anterior-1991, base-tru-trf3-sumulas-jurisprudencia, documentos-comprobatorios-in128, perspectiva-genero-previdenciario, segurado-especial-rural
PORTARIA 125/2026;42;15;admissibilidade-barreiras-crps, base-cpc-embargos-declaracao, base-crps-panorama-geral, base-legislacao-fontes-primarias, base-recurso-crps-peca-enxuta, base-revisao-peticao-aprofundada, bpc-renda-grupo-familiar, incidentes-instrucao-crps, lei-13460-usuario-servico-publico, mandado-seguranca-previdenciario, ntep-nexo-acidentario, ponte-workflow-crps, precedentes-previdenciarios, recursos-superiores-crps, segurado-especial-rural
TEMA 862/STJ;41;10;auxilio-acidente-b94, base-auxilio-acidente-b94-pos-reforma, base-b94-cessacao-acumulacao-vedacao, base-b94-integracao-salario-beneficio-tema862, base-calculo-rmi-ec103, base-fungibilidade-previdenciaria, base-incapacidade-acidentaria-b92, base-modelo-relatorio-medico-auxilio-acidente-b94, base-precedentes-catalogo-vinculantes, carta-servicos-inss
DECRETO 53831;41;12;auditoria-ppp, base-especial-categoria-profissional-pre1995, base-especial-eletricidade-periculosidade, base-especial-penosidade-enfermagem-petroleiro, base-especial-periculosidade-motociclista-nr16-anexov, base-especial-ppp-mudanca-layout-historico, base-especial-ruido, base-legislacao-fontes-primarias, base-precedentes-catalogo-vinculantes, base-revisao-peticao-aprofundada, base-tolueno-tema-382-tnu-via-cutanea, segurado-especial-rural
SUMULA 85/STJ;39;17;base-aluno-aprendiz, base-analise-decisao-tres-eixos, base-cpc-prescricao-decadencia-processual, base-cumprimento-sentenca-rpv-precatorio, base-dano-moral-previdenciario, base-facultativo-baixa-renda, base-fungibilidade-previdenciaria, base-juros-correcao-monetaria, base-precedentes-catalogo-vinculantes, base-revisao-art29-melhor-beneficio, base-revisao-atividades-concomitantes-tema1070, base-revisao-irsm-fevereiro-1994, base-revisao-peticao-aprofundada, base-revisao-reajuste-ortn-otn, base-revisao-teto-buraco-negro-verde, base-revisao-vida-toda-rvt, lei-14128-covid-saude
PORTARIA 19/2026;39;12;analise-bpc-loas, analise-documental-incapacidade, aposentadoria-deficiencia, auditoria-laudo-pericial, base-bpc-aposentadoria-pcd-procedimentos, base-bpc-impedimento-longo-prazo, base-bpc-loas-requisitos, base-pericia-medica-federal-telepericia, base-portarias-dpmf-inss-hub, base-validacao-formal-laudo-medico-checklist-ab, carta-servicos-inss, orientacao-cliente-pericia
LEI 10666/2003;38;8;aposentadoria-idade-hibrida, base-auxilio-reclusao-pos-reforma, base-contribuinte-em-dobro-lops-art9, contribuinte-individual-in128, impugnacao-cumprimento-concomitantes, ntep-nexo-acidentario, periodo-graca-qualidade-segurado, triagem-caso-novo
DECRETO 6949/2009;38;15;analise-bpc-loas, aposentadoria-deficiencia, base-bpc-impedimento-longo-prazo, base-bpc-loas-requisitos, base-bpc-pbf-anuencia-in54-2026, base-cadastro-domiciliar-cadunico-in21-2026, base-efeito-translativo-tema-1124-defesa, base-erro-administrativo-iea-13975, base-mpf-pfdc-prm-defesa-segurado, base-notificacao-extrajudicial-mapeamento-institucional, base-pcd-deficiencia-auditiva-visual, base-pfe-inss-anpd-dpu-conade, base-precedentes-catalogo-vinculantes, base-validacao-formal-laudo-medico-checklist-ab, direitos-pcd-previdenciarios
TEMA 174/TNU;37;14;auditoria-ppp, base-aposentadoria-especial-transicao-ec103, base-especial-calor-nho06, base-especial-categoria-profissional-pre1995, base-especial-frio-camara-frigorifica, base-especial-ppp-mudanca-layout-historico, base-especial-radiacao-ionizante, base-especial-ruido, base-precedentes-catalogo-vinculantes, base-revisao-peticao-aprofundada, base-tolueno-tema-382-tnu-via-cutanea, carta-servicos-inss, pedilef-cotejo-analitico-tnu, precedentes-previdenciarios
PORTARIA 462/2026;37;12;admissibilidade-barreiras-crps, analise-documental-incapacidade, base-bpc-aposentadoria-pcd-procedimentos, base-crps-panorama-geral, base-legislacao-fontes-primarias, base-ms-competencia-autoridade-coatora-inss-crps, base-portarias-dpmf-inss-hub, base-recurso-crps-peca-enxuta, base-revisao-peticao-aprofundada, ntep-nexo-acidentario, orientacao-cliente-pericia, ponte-workflow-crps
PORTARIA 13/2026;37;8;analise-documental-incapacidade, base-incapacidade-b31-temporaria, base-pericia-medica-federal-telepericia, base-portarias-dpmf-inss-hub, base-validacao-formal-laudo-medico-checklist-ab, carta-servicos-inss, documentos-comprobatorios-in128, inss-canais-atendimento
TEMA 382/TNU;36;4;base-especial-agentes-quimicos, base-tolueno-tema-382-tnu-via-cutanea, defesa-probatoria-especial, precedentes-previdenciarios
TEMA 629/STJ;35;11;base-auxilio-acidente-b94-pos-reforma, base-b94-integracao-salario-beneficio-tema862, base-cpc-acao-rescisoria-previdenciaria, base-cpc-onus-prova-art373, base-desaposentacao-reaposentacao, base-especial-agentes-biologicos, base-especial-agentes-quimicos, base-tempo-rural-anterior-1991, coisa-julgada-previdenciaria, pedilef-cotejo-analitico-tnu, segurado-especial-rural
LEI 9032/1995;35;9;base-especial-agentes-quimicos, base-especial-categoria-profissional-pre1995, base-especial-eletricidade-periculosidade, base-especial-ppp-mudanca-layout-historico, base-precedentes-catalogo-vinculantes, base-tema383-tnu-fundacentro-epi-biologicos, base-tempo-especial-conversao, base-tolueno-tema-382-tnu-via-cutanea, reafirmacao-der
SUMULA 507/STJ;33;7;auxilio-acidente-b94, base-auxilio-acidente-b94-pos-reforma, base-b94-cessacao-acumulacao-vedacao, base-b94-integracao-salario-beneficio-tema862, base-modelo-relatorio-medico-auxilio-acidente-b94, base-precedentes-catalogo-vinculantes, carta-servicos-inss
SUMULA 111/STJ;33;13;base-cpc-coisa-julgada-progressiva, base-cpc-fato-superveniente-art493, base-cpc-honorarios-sucumbencia-previdenciaria, base-cumprimento-sentenca-rpv-precatorio, base-fungibilidade-previdenciaria, base-jef-trf3-manual-2025, base-precedentes-catalogo-vinculantes, base-revisao-peticao-aprofundada, base-rito-ordinario-trf, honorarios-contrato-previdenciario, ponte-workflow-cumprimento-sentenca, precedentes-previdenciarios, reafirmacao-der
TEMA 213/TNU;33;10;auditoria-ppp, base-especial-agentes-biologicos, base-especial-agentes-quimicos, base-especial-epi, base-especial-vibracao, base-portarias-dpmf-inss-hub, base-precedentes-catalogo-vinculantes, base-tema383-tnu-fundacentro-epi-biologicos, carta-servicos-inss, defesa-probatoria-especial
TEMA 1102/STF;32;9;base-aposentadoria-direito-adquirido, base-calculo-rmi-ec103, base-cpc-acao-rescisoria-previdenciaria, base-cpc-tutela-provisoria-previdenciaria, base-precedentes-catalogo-vinculantes, base-puil-pedilef-vedacao-materia-processual, base-revisao-peticao-aprofundada, base-revisao-vida-toda-rvt, carta-servicos-inss
SUMULA 47/TNU;32;14;auditoria-laudo-pericial, base-auxilio-acidente-b94-pos-reforma, base-fungibilidade-previdenciaria, base-incapacidade-acidentaria-b92, base-incapacidade-b31-temporaria, base-incapacidade-b91-permanente, base-pericia-medica-federal-telepericia, base-portarias-dpmf-inss-hub, base-reabilitacao-profissional, base-reabilitacao-profissional-portaria-1310-1333, base-revisao-peticao-aprofundada, base-validacao-formal-laudo-medico-checklist-ab, orientacao-cliente-pericia, perspectiva-genero-previdenciario
PORTARIA 37/2026;32;11;analise-bpc-loas, base-bpc-aposentadoria-pcd-procedimentos, base-bpc-impedimento-longo-prazo, base-bpc-loas-requisitos, base-bpc-renda-per-capita-miserabilidade, base-modelo-relatorio-medico-bpc-loas-deficiente, base-puil-pedilef-vedacao-materia-processual, base-revisao-peticao-aprofundada, base-validacao-formal-laudo-medico-checklist-ab, carta-servicos-inss, orientacao-cliente-pericia
LEI 11301/2006;31;10;aposentadoria-professor-rgps, base-aposentadoria-direito-adquirido, base-documentos-comprobatorios-in128, base-professor-direito-adquirido-ec20, base-professor-educacao-infantil-lei15326, base-professor-regra-transicao-idade-progressiva-ec103, base-professor-regra-transicao-pedagio-ec103, base-professor-regra-transicao-pontos-ec103, carta-servicos-inss, documentos-comprobatorios-in128
TEMA 211/TNU;31;8;auditoria-ppp, base-aposentadoria-especial-transicao-ec103, base-especial-agentes-biologicos, base-especial-agentes-quimicos, base-especial-eletricidade-periculosidade, base-especial-epi, base-especial-vibracao, base-precedentes-catalogo-vinculantes
TEMA 27/STF;31;16;analise-bpc-loas, base-bpc-aposentadoria-pcd-procedimentos, base-bpc-comprometimento-renda, base-bpc-impedimento-longo-prazo, base-bpc-loas-requisitos, base-bpc-pbf-anuencia-in54-2026, base-bpc-renda-per-capita-miserabilidade, base-cadastro-domiciliar-cadunico-in21-2026, base-modelo-relatorio-medico-bpc-loas-deficiente, base-precedentes-catalogo-vinculantes, base-rito-ordinario-trf, base-validacao-formal-laudo-medico-checklist-ab, bpc-renda-grupo-familiar, carta-servicos-inss, orientacao-cliente-pericia, precedentes-previdenciarios
IN 21/2026;31;3;base-bpc-loas-requisitos, base-cadastro-domiciliar-cadunico-in21-2026, base-modelo-relatorio-medico-bpc-loas-deficiente
SUMULA 89/TNU;30;8;auxilio-acidente-b94, base-auxilio-acidente-b94-pos-reforma, base-b94-anexo-iii-quadros, base-b94-nexo-acidentario-ntep, base-b94-sequela-minima-tema201, base-fungibilidade-previdenciaria, base-modelo-relatorio-medico-auxilio-acidente-b94, carta-servicos-inss
DECRETO 10410/2020;30;13;base-legislacao-fontes-primarias, base-ms-cabimento-direito-liquido-certo, base-precedentes-catalogo-vinculantes, base-segurado-especial-autodeclaracao-arts-92-93-94, carta-servicos-inss, cnis-acerto-indicadores, contribuicoes-complementacao-ec103, impugnacao-cumprimento-concomitantes, indenizacao-contribuicoes-atraso, mandado-seguranca-previdenciario, periodo-graca-qualidade-segurado, reafirmacao-der, segurado-especial-rural
PORTARIA 1316/2025;29;16;base-aluno-aprendiz, base-aposentadoria-direito-adquirido, base-aposentadoria-especial-transicao-ec103, base-aposentadoria-pcd-lc142, base-aposentadoria-regra-permanente-ec103, base-aposentadoria-transicao-ec103, base-calculo-rmi-ec103, base-cnis-acerto-indicadores, base-contagem-reciproca-rgps-rpps, base-portarias-dpmf-inss-hub, base-salario-contribuicao-limites, base-servico-militar-obrigatorio, base-tempo-especial-conversao, base-tempo-rural-anterior-1991, cnis-acerto-indicadores, contribuicoes-complementacao-ec103
TEMA 1050/STJ;29;12;base-cpc-coisa-julgada-progressiva, base-cpc-fato-superveniente-art493, base-cpc-honorarios-sucumbencia-previdenciaria, base-cumprimento-sentenca-rpv-precatorio, base-jef-trf3-manual-2025, base-precedentes-catalogo-vinculantes, base-revisao-peticao-aprofundada, base-revisao-vida-toda-rvt, base-rito-ordinario-trf, honorarios-contrato-previdenciario, ponte-workflow-cumprimento-sentenca, precedentes-previdenciarios
TEMA 327/TNU;28;10;base-facultativo-baixa-renda, base-pcd-fibromialgia-lei15176, base-pcd-if-bra-metodologia, base-salario-maternidade-pos-reforma, base-segurado-especial-autodeclaracao-arts-92-93-94, base-seguro-defeso-pescador-artesanal, base-tempo-rural-anterior-1991, carta-servicos-inss, perspectiva-genero-previdenciario, segurado-especial-rural
TEMA 1007/STJ;27;10;aposentadoria-idade-hibrida, base-aposentadoria-regra-permanente-ec103, base-fungibilidade-previdenciaria, base-jef-trf3-manual-2025, base-portarias-dpmf-inss-hub, base-precedentes-catalogo-vinculantes, base-segurado-especial-autodeclaracao-arts-92-93-94, carta-servicos-inss, segurado-especial-rural, triagem-caso-novo
TEMA 201/TNU;27;6;auxilio-acidente-b94, base-auxilio-acidente-b94-pos-reforma, base-b94-integracao-salario-beneficio-tema862, base-b94-sequela-minima-tema201, base-modelo-relatorio-medico-auxilio-acidente-b94, carta-servicos-inss
SUMULA 88/TNU;27;10;auxilio-acidente-b94, base-auxilio-acidente-b94-pos-reforma, base-b94-anexo-iii-quadros, base-b94-sequela-minima-tema201, base-fungibilidade-previdenciaria, base-incapacidade-acidentaria-b92, base-modelo-relatorio-medico-auxilio-acidente-b94, base-portarias-dpmf-inss-hub, base-validacao-formal-laudo-medico-checklist-ab, orientacao-cliente-pericia
IN 54/2026;27;2;base-bpc-pbf-anuencia-in54-2026, base-cadastro-domiciliar-cadunico-in21-2026
LEI 7713/1988;27;10;base-cumprimento-sentenca-rpv-precatorio, base-juros-correcao-monetaria, base-rt-ajuizamento-vinculo-previdenciario, base-rubricas-pagamento-inss, direitos-pcd-previdenciarios, execucao-cumprimento-previdenciario, inss-canais-atendimento, lei-14128-covid-saude, ponte-workflow-cumprimento-sentenca, tributacao-beneficios-previdenciarios
TEMA 1083/STJ;26;9;base-aposentadoria-especial-transicao-ec103, base-calculo-rmi-ec103, base-incapacidade-acidentaria-b92, base-incapacidade-b31-temporaria, base-incapacidade-b91-permanente, base-precedentes-catalogo-vinculantes, base-validacao-formal-laudo-medico-checklist-ab, carta-servicos-inss, precedentes-previdenciarios
IRDR 15;26;6;base-especial-epi, base-portarias-dpmf-inss-hub, base-tema383-tnu-fundacentro-epi-biologicos, base-tolueno-tema-382-tnu-via-cutanea, defesa-probatoria-especial, tempo-especial-peticoes-por-rito
LEI 8112/1990;25;6;base-acumulacao-beneficios-ec103-art24, base-canais-falabr-corregedoria-cgu, base-erro-administrativo-iea-13975, base-notificacao-extrajudicial-mapeamento-institucional, deficiencia-auditiva-previdenciaria, direitos-pcd-previdenciarios
PORTARIA 15/2026;25;8;analise-documental-incapacidade, base-auxilio-acidente-b94-pos-reforma, base-pericia-medica-federal-telepericia, base-portarias-dpmf-inss-hub, base-revisao-peticao-aprofundada, base-validacao-formal-laudo-medico-checklist-ab, documentos-comprobatorios-in128, inss-canais-atendimento
SUMULA 577/STJ;25;8;base-cpc-onus-prova-art373, base-fungibilidade-previdenciaria, base-pcd-did-retroativa, base-portarias-dpmf-inss-hub, base-precedentes-catalogo-vinculantes, base-segurado-especial-autodeclaracao-arts-92-93-94, base-tempo-rural-anterior-1991, formacao-documentacao-did-pcd
DECRETO 3048/1999;25;8;auxilio-acidente-b94, base-erro-administrativo-iea-13975, base-especial-ruido, base-notificacao-extrajudicial-mapeamento-institucional, base-servico-militar-obrigatorio, base-tema383-tnu-fundacentro-epi-biologicos, base-tempo-especial-conversao, inss-canais-atendimento
SUMULA 63/TNU;24;8;base-bpc-impedimento-longo-prazo, base-bpc-loas-requisitos, base-incapacidade-b31-temporaria, base-pensao-por-morte-pos-reforma, base-pensao-por-morte-uniao-estavel-prova, carta-servicos-inss, pensao-por-morte, ponte-workflow-pensao-por-morte
TEMA 1030/STJ;24;7;base-cpc-coisa-julgada-progressiva, base-jef-previdenciario, base-jef-trf3-manual-2025, base-rito-ordinario-trf, base-tru-trf3-sumulas-jurisprudencia, execucao-cumprimento-previdenciario, ponte-workflow-cumprimento-sentenca
ADI 3931;23;4;base-b94-nexo-acidentario-ntep, base-incapacidade-acidentaria-b92, carta-servicos-inss, ntep-nexo-acidentario
QO 20/TNU;23;6;base-bpc-loas-requisitos, base-cpc-fato-superveniente-art493, base-precedentes-catalogo-vinculantes, pedilef-cotejo-analitico-tnu, periodo-graca-qualidade-segurado, reafirmacao-der
LEI 9099/1995;23;9;base-cpc-embargos-declaracao, base-jef-previdenciario, base-jef-trf3-manual-2025, base-recurso-crps-peca-enxuta, base-recursos-jef, base-revisao-peticao-aprofundada, coisa-julgada-previdenciaria, honorarios-contrato-previdenciario, pedilef-cotejo-analitico-tnu
TEMA 810/STF;22;6;base-cumprimento-sentenca-rpv-precatorio, base-jef-trf3-manual-2025, base-juros-correcao-monetaria, base-revisao-peticao-aprofundada, base-rito-ordinario-trf, execucao-cumprimento-previdenciario
SUMULA 555/STJ;22;8;base-especial-calor-nho06, base-especial-categoria-profissional-pre1995, base-especial-frio-camara-frigorifica, base-especial-penosidade-enfermagem-petroleiro, base-especial-radiacao-ionizante, base-legislacao-fontes-primarias, base-tru-trf3-sumulas-jurisprudencia, carta-servicos-inss
QO 10/TNU;22;3;base-revisao-peticao-aprofundada, base-tnu-admissibilidade-manual, pedilef-cotejo-analitico-tnu
TEMA 503/STF;21;6;base-aposentadoria-direito-adquirido, base-desaposentacao-reaposentacao, base-revisao-peticao-aprofundada, carta-servicos-inss, precedentes-previdenciarios, reafirmacao-der
RE 631240;21;11;base-auxilio-acidente-b94-pos-reforma, base-canais-falabr-corregedoria-cgu, base-efeito-translativo-tema-1124-defesa, base-erro-administrativo-iea-13975, base-fungibilidade-previdenciaria, base-mpf-pfdc-prm-defesa-segurado, base-notificacao-extrajudicial-mapeamento-institucional, base-pericia-medica-federal-telepericia, base-precedentes-catalogo-vinculantes, base-segurado-especial-autodeclaracao-arts-92-93-94, tema-1124-instrucao-administrativa
TEMA 905/STJ;21;7;base-cumprimento-sentenca-rpv-precatorio, base-jef-trf3-manual-2025, base-juros-correcao-monetaria, base-revisao-peticao-aprofundada, base-rito-ordinario-trf, base-tru-trf3-sumulas-jurisprudencia, ponte-workflow-cumprimento-sentenca
TEMA 1011/STJ;21;9;aposentadoria-professor-rgps, base-fungibilidade-previdenciaria, base-precedentes-catalogo-vinculantes, base-professor-direito-adquirido-ec20, base-professor-educacao-infantil-lei15326, base-professor-regra-transicao-idade-progressiva-ec103, base-professor-regra-transicao-pedagio-ec103, base-professor-regra-transicao-pontos-ec103, precedentes-previdenciarios
ADI 6096;21;7;admissibilidade-barreiras-crps, base-legislacao-fontes-primarias, base-revisao-peticao-aprofundada, bpc-renda-grupo-familiar, carta-servicos-inss, decadencia-revisao-previdenciaria, tema-1124-instrucao-administrativa
LEI 13183/2015;20;8;aposentadoria-professor-rgps, base-aposentadoria-direito-adquirido, base-aposentadoria-transicao-ec103, base-desaposentacao-reaposentacao, base-pensao-por-morte-pos-reforma, base-termo-inicial-dib-por-especie, carta-servicos-inss, pensao-por-morte
ARE 664335;20;10;auditoria-ppp, base-aposentadoria-especial-transicao-ec103, base-especial-agentes-biologicos, base-especial-eletricidade-periculosidade, base-especial-epi, base-especial-ruido, base-tolueno-tema-382-tnu-via-cutanea, defesa-probatoria-especial, pedilef-cotejo-analitico-tnu, retificacao-ppp
PORTARIA 2/2015;20;3;analise-bpc-loas, base-bpc-loas-requisitos, base-precedentes-catalogo-vinculantes
TEMA 28/STF;20;4;base-cpc-coisa-julgada-progressiva, base-cpc-teoria-capitulos-sentenca, base-ms-cumprimento-inss, execucao-cumprimento-previdenciario
IRDR 18;20;4;base-cpc-coisa-julgada-progressiva, base-cpc-teoria-capitulos-sentenca, base-cumprimento-sentenca-rpv-precatorio, execucao-cumprimento-previdenciario
LC 75;20;4;base-erro-administrativo-iea-13975, base-mpf-pfdc-prm-defesa-segurado, base-notificacao-extrajudicial-mapeamento-institucional, base-pfe-inss-anpd-dpu-conade
TEMA 383/TNU;20;5;base-especial-agentes-biologicos, base-especial-epi, base-portarias-dpmf-inss-hub, base-tema383-tnu-fundacentro-epi-biologicos, carta-servicos-inss
TEMA 1031/STJ;20;8;base-especial-penosidade-enfermagem-petroleiro, base-especial-periculosidade-motociclista-nr16-anexov, base-especial-ppp-mudanca-layout-historico, base-especial-ruido, base-fungibilidade-previdenciaria, base-precedentes-catalogo-vinculantes, base-tema383-tnu-fundacentro-epi-biologicos, defesa-probatoria-especial
QO 48/TNU;20;3;base-revisao-peticao-aprofundada, base-tnu-admissibilidade-manual, pedilef-cotejo-analitico-tnu
TEMA 555/STJ;19;5;auxilio-acidente-b94, base-auxilio-acidente-b94-pos-reforma, base-b94-cessacao-acumulacao-vedacao, base-b94-integracao-salario-beneficio-tema862, base-precedentes-catalogo-vinculantes
SUMULA 86/TNU;19;3;base-precedentes-catalogo-vinculantes, base-revisao-peticao-aprofundada, base-tnu-admissibilidade-manual
PORTARIA 1/2014;19;7;analise-bpc-loas, aposentadoria-deficiencia, base-puil-pedilef-vedacao-materia-processual, deficiencia-auditiva-previdenciaria, direitos-pcd-previdenciarios, formacao-documentacao-did-pcd, mandado-seguranca-previdenciario
LEI 11718/2008;19;5;aposentadoria-idade-hibrida, base-segurado-especial-autodeclaracao-arts-92-93-94, base-tempo-rural-anterior-1991, carta-servicos-inss, contribuinte-individual-in128
RE 630501;18;8;base-aposentadoria-direito-adquirido, base-aposentadoria-regra-permanente-ec103, base-aposentadoria-transicao-ec103, base-calculo-rmi-ec103, base-fungibilidade-previdenciaria, base-revisao-art29-melhor-beneficio, carta-servicos-inss, reafirmacao-der
TEMA 173/TNU;18;9;analise-bpc-loas, base-bpc-impedimento-longo-prazo, base-cadastro-domiciliar-cadunico-in21-2026, base-pcd-conversao-tempo-especial-pcd, base-pcd-deficiencia-auditiva-visual, base-pcd-did-retroativa, base-pcd-if-bra-metodologia, base-precedentes-catalogo-vinculantes, base-validacao-formal-laudo-medico-checklist-ab
IN 164/2024;18;5;base-cnis-acerto-indicadores, base-documentos-comprobatorios-in128, carta-servicos-inss, cnis-acerto-indicadores, inss-canais-atendimento
DECRETO 83080;18;7;auditoria-ppp, base-especial-categoria-profissional-pre1995, base-especial-penosidade-enfermagem-petroleiro, base-especial-ppp-mudanca-layout-historico, base-especial-ruido, base-precedentes-catalogo-vinculantes, base-tolueno-tema-382-tnu-via-cutanea
TEMA 305/TNU;18;4;base-pcd-deficiencia-auditiva-visual, base-pcd-did-retroativa, base-pcd-fibromialgia-lei15176, base-pcd-if-bra-metodologia
TEMA 1091/STF;18;6;aposentadoria-professor-rgps, base-professor-educacao-infantil-lei15326, base-professor-regra-transicao-idade-progressiva-ec103, base-professor-regra-transicao-pedagio-ec103, base-professor-regra-transicao-pontos-ec103, precedentes-previdenciarios
QO 35/TNU;18;4;base-puil-pedilef-vedacao-materia-processual, base-revisao-peticao-aprofundada, base-tnu-admissibilidade-manual, pedilef-cotejo-analitico-tnu
QO 24/TNU;18;3;base-revisao-peticao-aprofundada, base-tnu-admissibilidade-manual, pedilef-cotejo-analitico-tnu
MP 1596-14/1997;17;3;base-b94-cessacao-acumulacao-vedacao, base-b94-integracao-salario-beneficio-tema862, base-modelo-relatorio-medico-auxilio-acidente-b94
LEI 15077/2024;17;2;base-bpc-loas-requisitos, base-cadastro-domiciliar-cadunico-in21-2026
LEI 13709/2018;17;4;base-canais-falabr-corregedoria-cgu, base-erro-administrativo-iea-13975, base-pfe-inss-anpd-dpu-conade, formacao-documentacao-did-pcd
SUMULA 98/STJ;17;2;base-efeito-translativo-tema-1124-defesa, base-puil-pedilef-vedacao-materia-processual
DECRETO 2172;17;6;auditoria-ppp, base-especial-eletricidade-periculosidade, base-especial-ruido, base-especial-vibracao, base-precedentes-catalogo-vinculantes, base-tolueno-tema-382-tnu-via-cutanea
SUMULA 42/TNU;17;4;base-puil-pedilef-vedacao-materia-processual, base-revisao-peticao-aprofundada, base-tnu-admissibilidade-manual, pedilef-cotejo-analitico-tnu
QO 59/TNU;17;1;pedilef-cotejo-analitico-tnu
EC 113/2021;16;6;auxilio-acidente-b94, base-cnis-acerto-indicadores, base-jef-trf3-manual-2025, base-juros-correcao-monetaria, base-revisao-peticao-aprofundada, execucao-cumprimento-previdenciario
TEMA 1370/STJ;16;5;base-cpc-acao-rescisoria-previdenciaria, base-revisao-peticao-aprofundada, carta-servicos-inss, decadencia-revisao-previdenciaria, tema-1124-instrucao-administrativa
PORTARIA 1309/2025;16;3;base-erro-administrativo-iea-13975, base-notificacao-extrajudicial-mapeamento-institucional, base-portarias-dpmf-inss-hub
TEMA 317/TNU;16;7;auditoria-ppp, base-especial-ruido, carta-servicos-inss, documentos-comprobatorios-in128, especificacao-provas, precedentes-previdenciarios, revisao-peticao
TEMA 219/TNU;16;6;base-facultativo-baixa-renda, base-precedentes-catalogo-vinculantes, base-segurado-especial-autodeclaracao-arts-92-93-94, base-seguro-defeso-pescador-artesanal, carta-servicos-inss, segurado-especial-rural
PORTARIA 14/2026;16;7;analise-documental-incapacidade, base-incapacidade-b91-permanente, base-pericia-medica-federal-telepericia, base-portarias-dpmf-inss-hub, base-validacao-formal-laudo-medico-checklist-ab, carta-servicos-inss, documentos-comprobatorios-in128
TEMA 1115/STJ;16;6;base-jef-trf3-manual-2025, base-portarias-dpmf-inss-hub, base-precedentes-catalogo-vinculantes, base-segurado-especial-autodeclaracao-arts-92-93-94, precedentes-previdenciarios, segurado-especial-rural
TEMA 975/STJ;16;10;base-precedentes-catalogo-vinculantes, base-revisao-art29-melhor-beneficio, base-revisao-irsm-fevereiro-1994, base-revisao-peticao-aprofundada, base-revisao-reajuste-ortn-otn, base-revisao-teto-buraco-negro-verde, base-revisao-vida-toda-rvt, carta-servicos-inss, decadencia-revisao-previdenciaria, tema-1124-instrucao-administrativa
SUMULA 726/STF;16;5;base-professor-direito-adquirido-ec20, base-professor-educacao-infantil-lei15326, base-professor-regra-transicao-idade-progressiva-ec103, base-professor-regra-transicao-pedagio-ec103, base-professor-regra-transicao-pontos-ec103
QO 18/TNU;16;2;base-puil-pedilef-vedacao-materia-processual, pedilef-cotejo-analitico-tnu
IN 188/2025;16;6;aposentadoria-idade-hibrida, carta-servicos-inss, contribuicoes-complementacao-ec103, pensao-por-morte, periodo-graca-qualidade-segurado, triagem-caso-novo
RE 1510285;15;2;base-acumulacao-beneficios-ec103-art24, precedentes-previdenciarios
EC 20/1998;15;6;base-aposentadoria-direito-adquirido, base-precedentes-catalogo-vinculantes, base-revisao-teto-buraco-negro-verde, base-salario-familia-quota, carta-servicos-inss, contribuinte-individual-in128
SUMULA 377/STJ;15;4;base-aposentadoria-pcd-lc142, base-modelo-relatorio-medico-aposentadoria-pcd-lc142, base-modelo-relatorio-medico-auxilio-acidente-b94, base-modelo-relatorio-medico-bpc-loas-deficiente
RESP 2240220;15;4;auxilio-reclusao-previdenciario, base-auxilio-reclusao-pos-reforma, carta-servicos-inss, pensao-por-morte
LEI 12527/2011;15;7;base-cadastro-domiciliar-cadunico-in21-2026, base-canais-falabr-corregedoria-cgu, base-erro-administrativo-iea-13975, base-mpf-pfdc-prm-defesa-segurado, base-notificacao-extrajudicial-mapeamento-institucional, base-tema383-tnu-fundacentro-epi-biologicos, lei-13460-usuario-servico-publico
TEMA 368/STF;15;4;base-cumprimento-sentenca-rpv-precatorio, base-revisao-peticao-aprofundada, ponte-workflow-cumprimento-sentenca, tributacao-beneficios-previdenciarios
TEMA 694/STJ;15;5;base-especial-categoria-profissional-pre1995, base-especial-ruido, base-pcd-conversao-tempo-especial-pcd, base-precedentes-catalogo-vinculantes, base-tempo-especial-conversao
PORTARIA 2021/2025;15;3;base-especial-periculosidade-motociclista-nr16-anexov, carta-servicos-inss, defesa-probatoria-especial
SUMULA 27/TNU;15;9;base-facultativo-baixa-renda, base-incapacidade-b31-temporaria, base-precedentes-catalogo-vinculantes, base-salario-maternidade-pos-reforma, contribuicoes-complementacao-ec103, pensao-por-morte, periodo-graca-qualidade-segurado, precedentes-previdenciarios, segurado-especial-rural
PORTARIA 1419/2024;15;3;base-incapacidade-acidentaria-b92, carta-servicos-inss, ntep-nexo-acidentario
SUMULA 271/STF;15;4;base-ms-cabimento-direito-liquido-certo, base-ms-cumprimento-inss, base-ms-liminar-art7-iii, base-revisao-peticao-aprofundada
TEMA 81/TNU;15;3;base-pensao-por-morte-pos-reforma, base-precedentes-catalogo-vinculantes, pensao-por-morte
QO 47/TNU;15;3;base-recurso-crps-peca-enxuta, base-tnu-admissibilidade-manual, pedilef-cotejo-analitico-tnu
TEMA 349/TNU;15;4;contribuicoes-complementacao-ec103, impugnacao-cumprimento-concomitantes, pensao-por-morte, periodo-graca-qualidade-segurado
EC 41/2003;14;3;base-acumulacao-beneficios-ec103-art24, base-precedentes-catalogo-vinculantes, base-revisao-teto-buraco-negro-verde
SUMULA 552/STJ;14;4;base-aposentadoria-pcd-lc142, base-pcd-deficiencia-auditiva-visual, carta-servicos-inss, deficiencia-auditiva-previdenciaria
TEMA 609/STJ;14;5;base-aposentadoria-regra-permanente-ec103, base-contagem-reciproca-rgps-rpps, base-tempo-rural-anterior-1991, carta-servicos-inss, indenizacao-contribuicoes-atraso
LEI 9528/1997;14;7;auxilio-acidente-b94, base-auxilio-acidente-b94-pos-reforma, base-b94-cessacao-acumulacao-vedacao, base-precedentes-catalogo-vinculantes, base-tempo-especial-conversao, indenizacao-contribuicoes-atraso, pensao-por-morte
TEMA 357/TNU;14;3;auxilio-reclusao-previdenciario, base-auxilio-reclusao-pos-reforma, carta-servicos-inss
TEMA 692/STF;14;2;base-cpc-tutela-provisoria-previdenciaria, base-ms-liminar-art7-iii
TEMA 698/STJ;14;2;base-efeito-translativo-tema-1124-defesa, base-puil-pedilef-vedacao-materia-processual
PORTARIA 1231/2024;14;2;base-erro-administrativo-iea-13975, base-notificacao-extrajudicial-mapeamento-institucional
IN 77/2015;14;6;base-especial-epi, base-especial-ppp-mudanca-layout-historico, base-planejamento-previdenciario, indenizacao-contribuicoes-atraso, inss-canais-atendimento, reafirmacao-der
SUMULA 73/TNU;14;7;aposentadoria-idade-hibrida, base-fungibilidade-previdenciaria, base-portarias-dpmf-inss-hub, base-segurado-especial-autodeclaracao-arts-92-93-94, base-tru-trf3-sumulas-jurisprudencia, carta-servicos-inss, periodo-graca-qualidade-segurado
TEMA 422/STJ;14;4;base-pcd-conversao-tempo-especial-pcd, base-precedentes-catalogo-vinculantes, base-tempo-especial-conversao, carta-servicos-inss
SUMULA 260/TFR;14;3;base-revisao-reajuste-ortn-otn, base-revisao-teto-buraco-negro-verde, base-tru-trf3-sumulas-jurisprudencia
RESP 2103603;14;2;carta-servicos-inss, pensao-por-morte
TEMA 979/STJ;13;4;base-acumulacao-beneficios-ec103-art24, base-bpc-pbf-anuencia-in54-2026, base-cadastro-domiciliar-cadunico-in21-2026, base-devolucao-valores-irrepetibilidade-tema979-tema1034
TEMA 210/TNU;13;2;base-aposentadoria-especial-transicao-ec103, base-especial-eletricidade-periculosidade
DECRETO 8145/2013;13;6;aposentadoria-deficiencia, base-aposentadoria-pcd-lc142, base-bpc-aposentadoria-pcd-procedimentos, base-pcd-conversao-tempo-especial-pcd, base-pcd-did-retroativa, base-pcd-if-bra-metodologia
TEMA 1162/STJ;13;5;auxilio-reclusao-previdenciario, base-auxilio-reclusao-pos-reforma, base-precedentes-catalogo-vinculantes, carta-servicos-inss, precedentes-previdenciarios
TEMA 896/STJ;13;4;auxilio-reclusao-previdenciario, base-auxilio-reclusao-pos-reforma, base-precedentes-catalogo-vinculantes, carta-servicos-inss
RE 567985;13;10;analise-bpc-loas, base-bpc-impedimento-longo-prazo, base-bpc-loas-requisitos, base-bpc-pbf-anuencia-in54-2026, base-bpc-renda-per-capita-miserabilidade, base-cadastro-domiciliar-cadunico-in21-2026, base-salario-maternidade-pos-reforma, base-validacao-formal-laudo-medico-checklist-ab, bpc-renda-grupo-familiar, carta-servicos-inss
ENUNCIADO 17/CRPS;13;6;analise-bpc-loas, base-bpc-loas-requisitos, base-bpc-renda-per-capita-miserabilidade, base-precedentes-catalogo-vinculantes, bpc-renda-grupo-familiar, carta-servicos-inss
TEMA 640/STF;13;4;base-bpc-loas-requisitos, base-bpc-renda-per-capita-miserabilidade, base-rito-ordinario-trf, base-tru-trf3-sumulas-jurisprudencia
TEMA 327/STF;13;5;base-cpc-acao-rescisoria-previdenciaria, base-cpc-tutela-provisoria-previdenciaria, base-puil-pedilef-vedacao-materia-processual, base-revisao-teto-buraco-negro-verde, carta-servicos-inss
TEMA 323/TNU;13;2;auditoria-ppp, base-especial-frio-camara-frigorifica
DECRETO 53831/1964;13;4;base-especial-ruido, base-legislacao-fontes-primarias, base-recurso-crps-peca-enxuta, base-revisao-peticao-aprofundada
DECRETO 5296/2004;13;7;auxilio-acidente-b94, base-modelo-relatorio-medico-bpc-loas-deficiente, base-pcd-deficiencia-auditiva-visual, carta-servicos-inss, deficiencia-auditiva-previdenciaria, direitos-pcd-previdenciarios, orientacao-cliente-pericia
SUMULA 269/STF;13;3;base-ms-cabimento-direito-liquido-certo, base-ms-cumprimento-inss, base-revisao-peticao-aprofundada
TEMA 374/STF;13;4;admissibilidade-barreiras-crps, base-ms-competencia-autoridade-coatora-inss-crps, base-ms-decadencia-omissao-demora, ms-competencia-autoridade-coatora
TEMA 526/STF;13;5;base-pensao-por-morte-uniao-estavel-prova, base-precedentes-catalogo-vinculantes, carta-servicos-inss, pensao-por-morte, ponte-workflow-pensao-por-morte
QO 36/TNU;13;4;base-recurso-crps-peca-enxuta, base-revisao-peticao-aprofundada, base-tnu-admissibilidade-manual, pedilef-cotejo-analitico-tnu
LEI 6423/1977;13;2;base-revisao-reajuste-ortn-otn, base-revisao-teto-buraco-negro-verde
LEI 8870/1994;13;4;base-revisao-teto-buraco-negro-verde, base-tru-trf3-sumulas-jurisprudencia, carta-servicos-inss, decadencia-revisao-previdenciaria
TEMA 348/TNU;13;5;base-segurado-especial-autodeclaracao-arts-92-93-94, base-seguro-defeso-pescador-artesanal, pensao-por-morte, periodo-graca-qualidade-segurado, segurado-especial-rural
LEI 10779/2003;13;1;base-seguro-defeso-pescador-artesanal
TEMA 1300/STF;12;3;base-acumulacao-beneficios-ec103-art24, base-precedentes-catalogo-vinculantes, precedentes-previdenciarios
ADI 7051;12;2;base-acumulacao-beneficios-ec103-art24, precedentes-previdenciarios
LEI 3807/1960;12;3;base-aluno-aprendiz, base-contribuinte-em-dobro-lops-art9, base-servico-militar-obrigatorio
TEMA 205/TNU;12;2;base-aposentadoria-especial-transicao-ec103, base-especial-agentes-biologicos
TEMA 245/TNU;12;5;base-aposentadoria-regra-permanente-ec103, base-salario-maternidade-pos-reforma, contribuicoes-complementacao-ec103, pensao-por-morte, periodo-graca-qualidade-segurado
TEMA 310/TNU;12;3;auxilio-reclusao-previdenciario, base-auxilio-reclusao-pos-reforma, carta-servicos-inss
RESP 1112557;12;4;analise-bpc-loas, base-bpc-loas-requisitos, base-bpc-renda-per-capita-miserabilidade, bpc-renda-grupo-familiar
SUMULA 34/AGU;12;3;base-bpc-pbf-anuencia-in54-2026, base-cadastro-domiciliar-cadunico-in21-2026, base-devolucao-valores-irrepetibilidade-tema979-tema1034
SUMULA 45/STJ;12;2;base-cpc-apelacao-efeitos-art1013, base-fungibilidade-previdenciaria
TEMA 642/STJ;12;4;base-dano-moral-previdenciario, base-portarias-dpmf-inss-hub, base-segurado-especial-autodeclaracao-arts-92-93-94, base-tempo-rural-anterior-1991
SUMULA 6/TNU;12;3;base-fungibilidade-previdenciaria, base-segurado-especial-autodeclaracao-arts-92-93-94, segurado-especial-rural
SUMULA 416/STJ;12;4;base-pensao-por-morte-pos-reforma, base-precedentes-catalogo-vinculantes, base-tru-trf3-sumulas-jurisprudencia, pensao-por-morte
SUMULA 31/TNU;12;2;base-reclamatoria-trabalhista-prova-previdenciaria, base-rt-ajuizamento-vinculo-previdenciario
SUMULA 203/STJ;12;2;base-recursos-jef, base-tnu-admissibilidade-manual
SUMULA 96/TCU;11;3;base-aluno-aprendiz, base-pcd-conversao-tempo-especial-pcd, carta-servicos-inss
SUMULA 18/TNU;11;3;base-aluno-aprendiz, base-precedentes-catalogo-vinculantes, carta-servicos-inss
TEMA 322/TNU;11;2;auxilio-acidente-b94, base-auxilio-acidente-b94-pos-reforma
TEMA 350/TNU;11;4;auxilio-acidente-b94, base-auxilio-acidente-b94-pos-reforma, base-b94-anexo-iii-quadros, base-b94-nexo-acidentario-ntep
IRDR 35;11;5;auxilio-reclusao-previdenciario, base-auxilio-reclusao-pos-reforma, base-pensao-por-morte-pos-reforma, carta-servicos-inss, pensao-por-morte
PORTARIA 1087/2022;11;2;base-cnis-acerto-indicadores, cnis-acerto-indicadores
SUMULA 729/STF;11;3;base-cpc-coisa-julgada-progressiva, base-cpc-tutela-provisoria-previdenciaria, base-ms-liminar-art7-iii
TEMA 1373/STF;11;3;base-cumprimento-sentenca-rpv-precatorio, ponte-workflow-cumprimento-sentenca, tributacao-beneficios-previdenciarios
TEMA 298/TNU;11;4;auditoria-ppp, base-especial-agentes-quimicos, base-especial-epi, base-especial-vibracao
TEMA 208/TNU;11;2;base-especial-calor-nho06, base-especial-penosidade-enfermagem-petroleiro
LEI 12997/2014;11;2;base-especial-periculosidade-motociclista-nr16-anexov, carta-servicos-inss
SUMULA 77/TNU;11;7;base-incapacidade-acidentaria-b92, base-incapacidade-b31-temporaria, base-incapacidade-b91-permanente, base-pericia-medica-federal-telepericia, base-precedentes-catalogo-vinculantes, base-tnu-admissibilidade-manual, base-validacao-formal-laudo-medico-checklist-ab
TEMA 1421/STF;11;5;base-incapacidade-b31-temporaria, carta-servicos-inss, periodo-graca-qualidade-segurado, ponte-workflow-pensao-por-morte, precedentes-previdenciarios
PORTARIA 2/2014;11;4;base-modelo-relatorio-medico-bpc-loas-deficiente, base-portarias-dpmf-inss-hub, base-puil-pedilef-vedacao-materia-processual, base-validacao-formal-laudo-medico-checklist-ab
LEI 8880/1994;11;2;base-revisao-irsm-fevereiro-1994, base-tru-trf3-sumulas-jurisprudencia
LC 150/2015;11;4;auxilio-acidente-b94, base-rt-ajuizamento-vinculo-previdenciario, base-salario-familia-quota, ntep-nexo-acidentario
LC 146/2014;11;2;base-salario-maternidade-pos-reforma, carta-servicos-inss
LEI 14128/2021;11;2;base-tema383-tnu-fundacentro-epi-biologicos, lei-14128-covid-saude
QO 22/TNU;11;1;pedilef-cotejo-analitico-tnu
TEMA 185/STJ;10;5;analise-bpc-loas, base-bpc-comprometimento-renda, base-precedentes-catalogo-vinculantes, bpc-renda-grupo-familiar, precedentes-previdenciarios
SUMULA 37/TNU;10;4;base-bpc-impedimento-longo-prazo, base-pensao-por-morte-pos-reforma, base-salario-maternidade-pos-reforma, pensao-por-morte
LEI 13608/2018;10;1;base-canais-falabr-corregedoria-cgu
DECRETO 10153/2019;10;1;base-canais-falabr-corregedoria-cgu
PROC 5002980-84.2020.4.03.6183;10;4;base-canais-falabr-corregedoria-cgu, base-erro-administrativo-iea-13975, base-mpf-pfdc-prm-defesa-segurado, base-notificacao-extrajudicial-mapeamento-institucional
TEMA 1352/STJ;10;4;base-carencia-por-especie-art27a, contribuicoes-complementacao-ec103, pensao-por-morte, periodo-graca-qualidade-segurado
TEMA 100/STF;10;2;base-cpc-acao-rescisoria-previdenciaria, coisa-julgada-previdenciaria
SUMULA 490/STJ;10;3;base-cpc-apelacao-efeitos-art1013, base-revisao-peticao-aprofundada, base-rito-ordinario-trf
RESP 1727063;10;3;base-cpc-fato-superveniente-art493, base-fungibilidade-previdenciaria, reafirmacao-der
LEI 11960/2009;10;3;base-cumprimento-sentenca-rpv-precatorio, base-juros-correcao-monetaria, ponte-workflow-cumprimento-sentenca
TEMA 381/STF;10;1;base-desaposentacao-reaposentacao
PEDILEF 0001717;10;3;auditoria-ppp, base-especial-ruido, tempo-especial-peticoes-por-rito
DECRETO 4882/2003;10;3;auditoria-ppp, base-especial-ruido, base-precedentes-catalogo-vinculantes
TEMA 246/TNU;10;5;base-incapacidade-b31-temporaria, base-incapacidade-b91-permanente, base-pericia-medica-federal-telepericia, base-precedentes-catalogo-vinculantes, base-validacao-formal-laudo-medico-checklist-ab
QO 40/TNU;10;3;base-revisao-peticao-aprofundada, base-tnu-admissibilidade-manual, pedilef-cotejo-analitico-tnu
TEMA 256/TNU;10;4;base-revisao-peticao-aprofundada, carta-servicos-inss, decadencia-revisao-previdenciaria, tema-1124-instrucao-administrativa
QO 13/TNU;10;2;base-tnu-admissibilidade-manual, pedilef-cotejo-analitico-tnu
RE 661256;9;3;base-aposentadoria-direito-adquirido, base-desaposentacao-reaposentacao, reafirmacao-der
SUMULA 376/STJ;9;4;base-bpc-aposentadoria-pcd-procedimentos, base-ms-competencia-autoridade-coatora-inss-crps, base-notificacao-extrajudicial-mapeamento-institucional, mandado-seguranca-previdenciario
SUMULA 343/STF;9;2;base-bpc-loas-requisitos, base-cpc-acao-rescisoria-previdenciaria
LEI 14601/2023;9;2;base-bpc-pbf-anuencia-in54-2026, base-cadastro-domiciliar-cadunico-in21-2026
TEMA 1070/STJ;9;5;base-calculo-rmi-ec103, base-cpc-coisa-julgada-progressiva, base-precedentes-catalogo-vinculantes, base-revisao-atividades-concomitantes-tema1070, base-rubricas-pagamento-inss
PORTARIA 997/2022;9;2;base-cnis-acerto-indicadores, cnis-acerto-indicadores
TEMA 132/TST;9;5;auditoria-ppp, base-cpc-fato-superveniente-art493, precedentes-previdenciarios, retificacao-ppp, tempo-especial-peticoes-por-rito
LEI 8906/1994;9;4;base-cpc-honorarios-sucumbencia-previdenciaria, base-honorarios-contratuais-cobranca, base-jef-trf3-manual-2025, honorarios-contrato-previdenciario
LEI 8437/1992;9;2;base-cpc-tutela-provisoria-previdenciaria, base-ms-liminar-art7-iii
PORTARIA 672/2021;9;3;base-especial-epi, base-portarias-dpmf-inss-hub, base-tema383-tnu-fundacentro-epi-biologicos
TEMA 132/STJ;9;1;base-especial-periculosidade-motociclista-nr16-anexov
ENUNCIADO 13/CRPS;9;2;base-especial-ruido, carta-servicos-inss
IN 170/2024;9;5;base-legislacao-fontes-primarias, base-recurso-crps-peca-enxuta, base-revisao-peticao-aprofundada, documentos-comprobatorios-in128, inss-canais-atendimento
TEMA 394/STJ;9;2;base-ms-cabimento-direito-liquido-certo, base-ms-cumprimento-inss
LEI 15108/2025;9;4;base-pensao-por-morte-pos-reforma, bpc-renda-grupo-familiar, carta-servicos-inss, pensao-por-morte
TEMA 532/STJ;9;4;base-portarias-dpmf-inss-hub, base-precedentes-catalogo-vinculantes, base-segurado-especial-autodeclaracao-arts-92-93-94, base-tema383-tnu-fundacentro-epi-biologicos
TEMA 1291/STJ;9;5;auditoria-ppp, base-precedentes-catalogo-vinculantes, contribuinte-individual-in128, defesa-probatoria-especial, precedentes-previdenciarios
SUMULA 640/STF;9;2;base-recursos-jef, base-tnu-admissibilidade-manual
TEMA 415/STJ;9;2;base-revisao-irsm-fevereiro-1994, carta-servicos-inss
QO 54/TNU;9;3;base-revisao-peticao-aprofundada, base-tnu-admissibilidade-manual, pedilef-cotejo-analitico-tnu
SUMULA 368/TST;9;1;base-rt-ajuizamento-vinculo-previdenciario
TEMA 362/TNU;9;2;base-tema383-tnu-fundacentro-epi-biologicos, lei-14128-covid-saude
IRDR 14;9;2;impugnacao-cumprimento-concomitantes, precedentes-previdenciarios
QO 12/TNU;9;1;pedilef-cotejo-analitico-tnu
TEMA 359/STF;8;2;base-acumulacao-beneficios-ec103-art24, precedentes-previdenciarios
IAC 11;8;4;base-aposentadoria-direito-adquirido, base-revisao-peticao-aprofundada, base-revisao-teto-buraco-negro-verde, decadencia-revisao-previdenciaria
MP 905/2019;8;3;base-aposentadoria-regra-permanente-ec103, base-incapacidade-acidentaria-b92, ntep-nexo-acidentario
DECRETO 12534;8;3;base-bpc-loas-requisitos, base-bpc-renda-per-capita-miserabilidade, bpc-renda-grupo-familiar
SUMULA 557/STJ;8;4;base-calculo-rmi-ec103, base-desaposentacao-reaposentacao, base-incapacidade-b91-permanente, base-precedentes-catalogo-vinculantes
DECRETO 9492/2018;8;1;base-canais-falabr-corregedoria-cgu
DECRETO 11529/2023;8;1;base-canais-falabr-corregedoria-cgu
DECRETO 10995/2022;8;2;base-canais-falabr-corregedoria-cgu, base-notificacao-extrajudicial-mapeamento-institucional
LEI 9796/1999;8;2;base-contagem-reciproca-rgps-rpps, base-rpps-na-otica-do-rgps
SUMULA 627/STJ;8;4;base-cumprimento-sentenca-rpv-precatorio, base-rubricas-pagamento-inss, ponte-workflow-cumprimento-sentenca, tributacao-beneficios-previdenciarios
SUMULA 473/STF;8;3;base-erro-administrativo-iea-13975, base-notificacao-extrajudicial-mapeamento-institucional, base-portarias-dpmf-inss-hub
PORTARIA 1056/2022;8;3;base-erro-administrativo-iea-13975, base-notificacao-extrajudicial-mapeamento-institucional, base-portarias-dpmf-inss-hub
RE 1171152;8;3;base-erro-administrativo-iea-13975, base-notificacao-extrajudicial-mapeamento-institucional, base-portarias-dpmf-inss-hub
PUIL 5012678;8;4;auditoria-ppp, base-especial-agentes-quimicos, base-tolueno-tema-382-tnu-via-cutanea, defesa-probatoria-especial
TEMA 297/TNU;8;3;base-especial-ppp-mudanca-layout-historico, base-reclamatoria-trabalhista-prova-previdenciaria, base-rt-ajuizamento-vinculo-previdenciario
SUMULA 14/TNU;8;3;base-fungibilidade-previdenciaria, base-portarias-dpmf-inss-hub, base-segurado-especial-autodeclaracao-arts-92-93-94
TEMA 1360/STJ;8;5;base-incapacidade-b31-temporaria, contribuicoes-complementacao-ec103, pensao-por-morte, periodo-graca-qualidade-segurado, segurado-especial-rural
ADI 5760;8;2;base-pcd-conversao-tempo-especial-pcd, base-pcd-if-bra-metodologia
TEMA 45/TNU;8;3;base-pensao-por-morte-pos-reforma, base-precedentes-catalogo-vinculantes, pensao-por-morte
LC 73/1993;8;3;base-pfe-inss-anpd-dpu-conade, incidentes-instrucao-crps, recursos-superiores-crps
TEMA 376/TNU;8;5;analise-bpc-loas, aposentadoria-deficiencia, base-portarias-dpmf-inss-hub, base-precedentes-catalogo-vinculantes, base-validacao-formal-laudo-medico-checklist-ab
PROC 1028473-09.2022.4.01.3600;8;2;base-puil-pedilef-vedacao-materia-processual, base-recursos-jef
QO 52/TNU;8;3;base-revisao-peticao-aprofundada, base-tnu-admissibilidade-manual, pedilef-cotejo-analitico-tnu
SUMULA VINCULANTE 8;8;1;base-rt-ajuizamento-vinculo-previdenciario
ENUNCIADO 5/CRPS;8;2;carta-servicos-inss, indenizacao-contribuicoes-atraso
QO 3/TNU;8;1;pedilef-cotejo-analitico-tnu
TEMA 627/STF;7;2;base-acumulacao-beneficios-ec103-art24, precedentes-previdenciarios
PROC 2061943-13.2025.8.26.0000;7;1;base-auxilio-acidente-b94-pos-reforma
RESP 2256869;7;4;auxilio-reclusao-previdenciario, base-auxilio-reclusao-pos-reforma, carta-servicos-inss, pensao-por-morte
LEI 14176/2021;7;1;base-bpc-comprometimento-renda
DECRETO 6214;7;7;base-bpc-loas-requisitos, base-bpc-renda-per-capita-miserabilidade, base-documentos-comprobatorios-in128, base-recurso-crps-peca-enxuta, base-revisao-peticao-aprofundada, base-tru-trf3-sumulas-jurisprudencia, bpc-renda-grupo-familiar
DECRETO 11016/2022;7;3;analise-bpc-loas, auditoria-laudo-pericial, base-cadastro-domiciliar-cadunico-in21-2026
TEMA 365/TNU;7;4;base-carencia-por-especie-art27a, contribuicoes-complementacao-ec103, pensao-por-morte, periodo-graca-qualidade-segurado
SUMULA 24/AGU;7;2;base-contagem-reciproca-rgps-rpps, base-servico-militar-obrigatorio
TEMA 988/STJ;7;3;base-cpc-agravo-instrumento-art1015, base-rito-ordinario-trf, indenizacao-contribuicoes-atraso
TEMA 1076/STJ;7;1;base-cpc-honorarios-sucumbencia-previdenciaria
LEI 9494/1997;7;3;base-cumprimento-sentenca-rpv-precatorio, base-juros-correcao-monetaria, base-ms-liminar-art7-iii
SUMULA 204/STJ;7;2;base-cumprimento-sentenca-rpv-precatorio, base-juros-correcao-monetaria
SUMULA 68/TNU;7;4;base-especial-agentes-quimicos, base-especial-ruido, base-especial-vibracao, base-precedentes-catalogo-vinculantes
LEI 5811/1972;7;1;base-especial-penosidade-enfermagem-petroleiro
SUMULA 5/TNU;7;2;base-fungibilidade-previdenciaria, base-segurado-especial-autodeclaracao-arts-92-93-94
TEMA 255/TNU;7;4;base-incapacidade-b31-temporaria, contribuicoes-complementacao-ec103, pensao-por-morte, periodo-graca-qualidade-segurado
PORTARIA 1165/2015;7;2;base-notificacao-extrajudicial-mapeamento-institucional, base-pfe-inss-anpd-dpu-conade
TEMA 15/TNU;7;2;base-pensao-por-morte-pos-reforma, pensao-por-morte
PORTARIA 4/2025;7;3;base-pensao-por-morte-pos-reforma, carta-servicos-inss, pensao-por-morte
PORTARIA 1209/2024;7;2;base-portarias-dpmf-inss-hub, base-segurado-especial-autodeclaracao-arts-92-93-94
PORTARIA 1299/2025;7;2;base-portarias-dpmf-inss-hub, base-segurado-especial-autodeclaracao-arts-92-93-94
PUIL 1028473-09.2022.4.01.3600;7;2;base-puil-pedilef-vedacao-materia-processual, base-recursos-jef
RE 564354;7;3;base-revisao-teto-buraco-negro-verde, base-rubricas-pagamento-inss, carta-servicos-inss
SUMULA 8/STF;7;1;base-rt-ajuizamento-vinculo-previdenciario
LEI 9658/1998;7;1;base-rt-ajuizamento-vinculo-previdenciario
LEI 10999/2004;7;1;base-rubricas-pagamento-inss
ARESP 2819695;7;1;auxilio-reclusao-previdenciario
TEMA 1103/STJ;7;2;carta-servicos-inss, indenizacao-contribuicoes-atraso
QO 5/TNU;7;1;pedilef-cotejo-analitico-tnu
QO 32/TNU;7;1;pedilef-cotejo-analitico-tnu
LEI 3765/1960;6;1;base-acumulacao-beneficios-ec103-art24
PORTARIA 1467/2022;6;3;base-acumulacao-beneficios-ec103-art24, base-contagem-reciproca-rgps-rpps, documentos-comprobatorios-in128
DECRETO 4073/1942;6;1;base-aluno-aprendiz
LEI 9394/1996;6;4;aposentadoria-professor-rgps, base-aposentadoria-direito-adquirido, base-professor-educacao-infantil-lei15326, direitos-pcd-previdenciarios
TEMA 942/STJ;6;3;base-aposentadoria-especial-transicao-ec103, base-revisao-peticao-aprofundada, base-rpps-na-otica-do-rgps
ENUNCIADO 91/FONAJEF;6;4;base-aposentadoria-especial-transicao-ec103, base-jef-previdenciario, base-recursos-jef, defesa-probatoria-especial
TEMA 1125/STF;6;3;aposentadoria-idade-hibrida, base-aposentadoria-regra-permanente-ec103, periodo-graca-qualidade-segurado
PUIL 5000733;6;2;auxilio-acidente-b94, base-auxilio-acidente-b94-pos-reforma
LEI 14331/2022;6;1;base-auxilio-acidente-b94-pos-reforma
TEMA 89/STF;6;3;auxilio-reclusao-previdenciario, base-auxilio-reclusao-pos-reforma, carta-servicos-inss
TEMA 173/STF;6;4;base-bpc-aposentadoria-pcd-procedimentos, base-bpc-impedimento-longo-prazo, base-bpc-loas-requisitos, base-precedentes-catalogo-vinculantes
TEMA 385/TNU;6;3;base-bpc-loas-requisitos, base-peticao-paragrafo-de-realidade, base-precedentes-catalogo-vinculantes
LEI 10741/2003;6;4;base-bpc-loas-requisitos, base-precedentes-catalogo-vinculantes, base-tru-trf3-sumulas-jurisprudencia, carta-servicos-inss
IN 20/2026;6;1;base-cadastro-domiciliar-cadunico-in21-2026
PROC 5000095-66.2018.4.03.6119;6;4;base-canais-falabr-corregedoria-cgu, base-erro-administrativo-iea-13975, base-mpf-pfdc-prm-defesa-segurado, base-notificacao-extrajudicial-mapeamento-institucional
PORTARIA 1240/2024;6;5;base-cnis-acerto-indicadores, base-portarias-dpmf-inss-hub, base-segurado-especial-autodeclaracao-arts-92-93-94, cnis-acerto-indicadores, inss-canais-atendimento
TEMA 176/STF;6;3;base-contagem-reciproca-rgps-rpps, base-rito-ordinario-trf, base-servico-militar-obrigatorio
SUMULA 81/TFR;6;1;base-contribuinte-em-dobro-lops-art9
SUMULA 387/STJ;6;1;base-dano-moral-previdenciario
TEMA 157/TNU;6;1;base-especial-agentes-quimicos
TEMA 218/TNU;6;3;base-especial-epi, carta-servicos-inss, pedilef-cotejo-analitico-tnu
SUMULA 87/TNU;6;1;base-especial-epi
SUMULA 49/TNU;6;3;base-especial-periculosidade-motociclista-nr16-anexov, base-especial-ppp-mudanca-layout-historico, base-tempo-especial-conversao
SUMULA 7/STJ;6;3;base-fungibilidade-previdenciaria, base-precedentes-catalogo-vinculantes, base-puil-pedilef-vedacao-materia-processual
TEMA 982/STJ;6;2;base-incapacidade-b91-permanente, base-precedentes-catalogo-vinculantes
LEI 7347/1985;6;1;base-mpf-pfdc-prm-defesa-segurado
SUMULA 628/STJ;6;1;base-ms-cabimento-direito-liquido-certo
SUMULA 632/STJ;6;2;base-ms-decadencia-omissao-demora, base-revisao-peticao-aprofundada
LEI 13135/2015;6;2;base-pensao-por-morte-pos-reforma, carta-servicos-inss
DECRETO 11341/2023;6;1;base-pfe-inss-anpd-dpu-conade
LC 155/2016;6;2;base-portarias-dpmf-inss-hub, base-segurado-especial-autodeclaracao-arts-92-93-94
PORTARIA 1333/2026;6;2;base-portarias-dpmf-inss-hub, base-reabilitacao-profissional-portaria-1310-1333
TEMA 640/STJ;6;5;base-portarias-dpmf-inss-hub, base-precedentes-catalogo-vinculantes, base-rito-ordinario-trf, bpc-renda-grupo-familiar, precedentes-previdenciarios
PUIL 1002096-84.2021.4.01.3810;6;1;base-puil-pedilef-vedacao-materia-processual
PROC 1002096-84.2021.4.01.3810;6;1;base-puil-pedilef-vedacao-materia-processual
PROC 0001163-65.2019.4.03.9300;6;1;base-puil-pedilef-vedacao-materia-processual
TEMA 177/TNU;6;2;base-reabilitacao-profissional, carta-servicos-inss
RESP 1168657;6;2;base-revisao-irsm-fevereiro-1994, carta-servicos-inss
ENUNCIADO 8/CRPS;6;3;base-segurado-especial-autodeclaracao-arts-92-93-94, documentos-comprobatorios-in128, segurado-especial-rural
SUMULA 50/TNU;6;2;base-tempo-especial-conversao, carta-servicos-inss
SUMULA 272/STJ;6;2;base-tempo-rural-anterior-1991, carta-servicos-inss
QO 51/TNU;6;2;base-tnu-admissibilidade-manual, pedilef-cotejo-analitico-tnu
QO 17/TNU;6;2;base-tnu-admissibilidade-manual, pedilef-cotejo-analitico-tnu
SUMULA 9/STF;6;1;base-tolueno-tema-382-tnu-via-cutanea
LEI 15270/2025;6;2;ponte-workflow-cumprimento-sentenca, tributacao-beneficios-previdenciarios
DECRETO 4032/2001;6;1;auxilio-acidente-b94
PORTARIA 1301/2025;6;3;contribuicoes-complementacao-ec103, contribuinte-individual-in128, periodo-graca-qualidade-segurado
TEMA 195/TNU;6;2;impugnacao-cumprimento-concomitantes, precedentes-previdenciarios
LEI 3552/1959;5;1;base-aluno-aprendiz
TEMA 131/TNU;5;3;aposentadoria-idade-hibrida, base-aposentadoria-regra-permanente-ec103, carta-servicos-inss
PORTARIA 10507/2024;5;2;base-auxilio-acidente-b94-pos-reforma, base-jef-trf3-manual-2025
SUMULA 44/TNU;5;4;base-auxilio-acidente-b94-pos-reforma, base-pericia-medica-federal-telepericia, base-precedentes-catalogo-vinculantes, base-tru-trf3-sumulas-jurisprudencia
PORTARIA 3/2018;5;2;base-bpc-comprometimento-renda, bpc-renda-grupo-familiar
TEMA 73/STJ;5;2;base-bpc-renda-per-capita-miserabilidade, base-salario-maternidade-pos-reforma
PORTARIA 810/2022;5;1;base-cadastro-domiciliar-cadunico-in21-2026
LC 123/2006;5;2;base-cnis-acerto-indicadores, base-facultativo-baixa-renda
TEMA 1009/STJ;5;1;base-cpc-tutela-provisoria-previdenciaria
TEMA 660/STF;5;1;base-efeito-translativo-tema-1124-defesa
PROC 0000896-82.2018.4.01.3804;5;1;base-especial-eletricidade-periculosidade
LEI 7369/1985;5;1;base-especial-eletricidade-periculosidade
DECRETO 93412;5;1;base-especial-eletricidade-periculosidade
RESP 2152968;5;3;base-especial-ruido, defesa-probatoria-especial, tempo-especial-peticoes-por-rito
RESP 1674221;5;3;aposentadoria-idade-hibrida, base-fungibilidade-previdenciaria, base-segurado-especial-autodeclaracao-arts-92-93-94
SUMULA 41/TNU;5;2;base-fungibilidade-previdenciaria, base-segurado-especial-autodeclaracao-arts-92-93-94
SUMULA 46/TNU;5;3;base-fungibilidade-previdenciaria, base-precedentes-catalogo-vinculantes, base-segurado-especial-autodeclaracao-arts-92-93-94
SUMULA 213/STJ;5;1;base-ms-cabimento-direito-liquido-certo
SUMULA 689/STF;5;2;base-ms-competencia-autoridade-coatora-inss-crps, ms-competencia-autoridade-coatora
SUMULA 212/STJ;5;1;base-ms-liminar-art7-iii
PORTARIA 996/2022;5;2;base-portarias-dpmf-inss-hub, base-revisao-peticao-aprofundada
PORTARIA 1079/2022;5;2;base-portarias-dpmf-inss-hub, base-segurado-especial-autodeclaracao-arts-92-93-94
PORTARIA 1310/2025;5;3;base-portarias-dpmf-inss-hub, base-reabilitacao-profissional-portaria-1310-1333, inss-canais-atendimento
ENUNCIADO 1/CRPS;5;3;base-precedentes-catalogo-vinculantes, bpc-renda-grupo-familiar, reafirmacao-der
TEMA 313/STF;5;2;base-precedentes-catalogo-vinculantes, decadencia-revisao-previdenciaria
TEMA 1057/STJ;5;2;base-precedentes-catalogo-vinculantes, incidentes-instrucao-crps
PROC 0521830-35.2020.4.05.8100;5;3;base-precedentes-catalogo-vinculantes, base-revisao-peticao-aprofundada, base-tnu-admissibilidade-manual
QO 53/TNU;5;2;base-puil-pedilef-vedacao-materia-processual, pedilef-cotejo-analitico-tnu
SUMULA 53/STF;5;1;base-rt-ajuizamento-vinculo-previdenciario
SUMULA VINCULANTE 53;5;1;base-rt-ajuizamento-vinculo-previdenciario
DECRETO 8424/2015;5;2;base-segurado-especial-autodeclaracao-arts-92-93-94, base-seguro-defeso-pescador-artesanal
RESP 1947404;5;3;base-segurado-especial-autodeclaracao-arts-92-93-94, precedentes-previdenciarios, segurado-especial-rural
SUMULA 45/TFR;5;2;base-servico-militar-obrigatorio, carta-servicos-inss
LEI 4375/1964;5;1;base-servico-militar-obrigatorio
RESP 1310034;5;1;base-tempo-especial-conversao
QO 55/TNU;5;2;base-tnu-admissibilidade-manual, pedilef-cotejo-analitico-tnu
QO 58/TNU;5;1;base-tnu-admissibilidade-manual
TEMA 1340/STJ;5;1;base-tru-trf3-sumulas-jurisprudencia
PEDILEF 0504017-94.2022.4.05.8400/;5;3;contribuicoes-complementacao-ec103, impugnacao-cumprimento-concomitantes, periodo-graca-qualidade-segurado
PROC 0504017-94.2022.4.05.8400;5;3;contribuicoes-complementacao-ec103, impugnacao-cumprimento-concomitantes, periodo-graca-qualidade-segurado
LEI 8036/1990;5;3;deficiencia-auditiva-previdenciaria, direitos-pcd-previdenciarios, ntep-nexo-acidentario
QO 26/TNU;5;1;pedilef-cotejo-analitico-tnu
QO 38/TNU;5;1;pedilef-cotejo-analitico-tnu
SUMULA 598/STJ;5;1;tributacao-beneficios-previdenciarios
IAC 5;4;3;base-aposentadoria-direito-adquirido, base-especial-vibracao, reafirmacao-der
TEMA 709/STJ;4;2;base-aposentadoria-especial-transicao-ec103, base-revisao-peticao-aprofundada
TEMA 660/STJ;4;1;base-auxilio-acidente-b94-pos-reforma
PROC 1013616-41.2026.8.26.0381;4;1;base-auxilio-acidente-b94-pos-reforma
RESP 1296673;4;2;base-b94-cessacao-acumulacao-vedacao, base-b94-integracao-salario-beneficio-tema862
TEMA 122/TNU;4;2;base-bpc-comprometimento-renda, base-precedentes-catalogo-vinculantes
TEMA 640/TNU;4;2;base-bpc-loas-requisitos, base-bpc-renda-per-capita-miserabilidade
TEMA 369/TNU;4;4;base-bpc-loas-requisitos, base-bpc-renda-per-capita-miserabilidade, base-portarias-dpmf-inss-hub, bpc-renda-grupo-familiar
TEMA 1034/STJ;4;2;base-bpc-pbf-anuencia-in54-2026, base-cadastro-domiciliar-cadunico-in21-2026
RESP 1401560;4;3;base-bpc-pbf-anuencia-in54-2026, base-cadastro-domiciliar-cadunico-in21-2026, base-devolucao-valores-irrepetibilidade-tema979-tema1034
RESP 1734974;4;3;base-bpc-pbf-anuencia-in54-2026, base-cadastro-domiciliar-cadunico-in21-2026, base-devolucao-valores-irrepetibilidade-tema979-tema1034
LEI 14600/2023;4;1;base-cadastro-domiciliar-cadunico-in21-2026
DECRETO 9723/2019;4;1;base-canais-falabr-corregedoria-cgu
PROC 0003547-33.2017.4.03.0000;4;3;base-canais-falabr-corregedoria-cgu, base-erro-administrativo-iea-13975, base-notificacao-extrajudicial-mapeamento-institucional
ENUNCIADO 6/CRPS;4;1;base-contagem-reciproca-rgps-rpps
DECRETO 10188/2019;4;1;base-contagem-reciproca-rgps-rpps
ENUNCIADO 63/FONAJEF;4;1;base-cpc-acao-rescisoria-previdenciaria
TEMA 313/STJ;4;1;base-cpc-tutela-provisoria-previdenciaria
TEMA 96/STJ;4;1;base-cumprimento-sentenca-rpv-precatorio
SUMULA 35/STF;4;1;base-devolucao-valores-irrepetibilidade-tema979-tema1034
SUMULA VINCULANTE 35;4;1;base-devolucao-valores-irrepetibilidade-tema979-tema1034
TEMA 692/STJ;4;2;base-devolucao-valores-irrepetibilidade-tema979-tema1034, base-precedentes-catalogo-vinculantes
SUMULA 267/STF;4;2;base-efeito-translativo-tema-1124-defesa, base-puil-pedilef-vedacao-materia-processual
PEDILEF 0136882;4;3;base-especial-agentes-quimicos, base-tolueno-tema-382-tnu-via-cutanea, tempo-especial-peticoes-por-rito
LEI 12740/2012;4;1;base-especial-eletricidade-periculosidade
PEDILEF 0000896-82.2018.4.01.3804/;4;1;base-especial-eletricidade-periculosidade
IN 99/2003;4;1;base-especial-ppp-mudanca-layout-historico
LEI 7394/1985;4;1;base-especial-radiacao-ionizante
DECRETO 2172/1997;4;3;base-especial-ruido, base-precedentes-catalogo-vinculantes, base-tempo-especial-conversao
RESP 1905830;4;3;base-fungibilidade-previdenciaria, base-segurado-especial-autodeclaracao-arts-92-93-94, tema-1124-instrucao-administrativa
DECRETO 62755/1968;4;2;base-legislacao-fontes-primarias, base-revisao-peticao-aprofundada
LEI 15415/2026;4;3;base-legislacao-fontes-primarias, base-recurso-crps-peca-enxuta, base-revisao-peticao-aprofundada
LEI 15363/2026;4;3;base-legislacao-fontes-primarias, base-recurso-crps-peca-enxuta, base-revisao-peticao-aprofundada
LEI 15249/2025;4;3;base-legislacao-fontes-primarias, base-recurso-crps-peca-enxuta, base-revisao-peticao-aprofundada
PORTARIA 33/2024;4;1;base-mpf-pfdc-prm-defesa-segurado
SUMULA 405/STF;4;2;base-ms-decadencia-omissao-demora, base-ms-liminar-art7-iii
LEI 12764/2012;4;3;analise-bpc-loas, aposentadoria-deficiencia, base-pcd-if-bra-metodologia
TEMA 148/TNU;4;2;base-pensao-por-morte-pos-reforma, pensao-por-morte
LEI 7853/1989;4;2;base-pfe-inss-anpd-dpu-conade, direitos-pcd-previdenciarios
TEMA 312/STF;4;3;base-portarias-dpmf-inss-hub, bpc-renda-grupo-familiar, precedentes-previdenciarios
TEMA 1105/STJ;4;3;base-precedentes-catalogo-vinculantes, honorarios-contrato-previdenciario, precedentes-previdenciarios
TEMA 1207/STJ;4;3;base-precedentes-catalogo-vinculantes, honorarios-contrato-previdenciario, precedentes-previdenciarios
PUIL 0000810-25.2020.4.03.6314;4;1;base-puil-pedilef-vedacao-materia-processual
PROC 0000810-25.2020.4.03.6314;4;1;base-puil-pedilef-vedacao-materia-processual
SUMULA 356/STF;4;2;base-revisao-peticao-aprofundada, base-tnu-admissibilidade-manual
RE 937595;4;2;base-revisao-teto-buraco-negro-verde, base-rubricas-pagamento-inss
TEMA 1117/STF;4;1;base-revisao-vida-toda-rvt
TEMA 1157/STF;4;1;base-revisao-vida-toda-rvt
RE 1276977;4;1;base-revisao-vida-toda-rvt
PORTARIA 154/2008;4;1;base-rpps-na-otica-do-rgps
LEI 12190/2010;4;1;base-rubricas-pagamento-inss
TEMA 149/TNU;4;1;base-salario-maternidade-pos-reforma
LEI 12873/2013;4;2;base-salario-maternidade-pos-reforma, carta-servicos-inss
SUMULA 30/TNU;4;3;base-segurado-especial-autodeclaracao-arts-92-93-94, precedentes-previdenciarios, segurado-especial-rural
PROC 1004356-32.2019.4.01.3802;4;1;base-tema383-tnu-fundacentro-epi-biologicos
QO 49/TNU;4;2;base-tnu-admissibilidade-manual, pedilef-cotejo-analitico-tnu
PROC 5001720-20.2024.4.04.7115;4;2;admissibilidade-barreiras-crps, mandado-seguranca-previdenciario
PUIL 5002615-35.2020.4.04.7207/;4;1;auxilio-acidente-b94
PROC 5002615-35.2020.4.04.7207;4;1;auxilio-acidente-b94
RESP 1352721;4;2;coisa-julgada-previdenciaria, segurado-especial-rural
TEMA 239/TNU;4;3;contribuicoes-complementacao-ec103, pensao-por-morte, periodo-graca-qualidade-segurado
RESP 1807665;4;2;execucao-cumprimento-previdenciario, lei-14128-covid-saude
LEI 9507/1997;4;1;formacao-documentacao-did-pcd
RESP 2039614;4;2;impugnacao-cumprimento-concomitantes, precedentes-previdenciarios
PROC 5001446-98.2024.4.04.7004;4;2;impugnacao-cumprimento-concomitantes, precedentes-previdenciarios
MP 1523/1996;4;1;indenizacao-contribuicoes-atraso
LC 128/2008;4;1;indenizacao-contribuicoes-atraso
DECRETO 20910/1932;4;1;lei-14128-covid-saude
SUMULA 168/STJ;4;1;pedilef-cotejo-analitico-tnu
ERESP 2103603;4;1;pensao-por-morte
PUIL 5001623-70.2022.4.02.5005/;4;2;precedentes-previdenciarios, reafirmacao-der
PROC 5001623-70.2022.4.02.5005;4;2;precedentes-previdenciarios, reafirmacao-der
PROC 0003337-85.2017.4.03.6303;4;2;precedentes-previdenciarios, reafirmacao-der
PUIL 5001623-70;4;1;reafirmacao-der
PORTARIA 1094/2022;4;1;segurado-especial-rural
TEMA 377/STF;3;1;base-acumulacao-beneficios-ec103-art24
TEMA 384/STF;3;1;base-acumulacao-beneficios-ec103-art24
SUMULA 45/TNU;3;1;base-aposentadoria-pcd-lc142
TEMA 216/TNU;3;2;base-aposentadoria-pcd-lc142, base-precedentes-catalogo-vinculantes
LEI 11419/2006;3;2;base-auxilio-acidente-b94-pos-reforma, base-documentos-comprobatorios-in128
MP 2200-2/2001;3;2;base-auxilio-acidente-b94-pos-reforma, base-documentos-comprobatorios-in128
LEI 10835/2004;3;1;base-bpc-loas-requisitos
PEDILEF 1005655-57.2022.4.01.3602/;3;2;base-bpc-loas-requisitos, base-precedentes-catalogo-vinculantes
PROC 1005655-57.2022.4.01.3602;3;2;base-bpc-loas-requisitos, base-precedentes-catalogo-vinculantes
PEDILEF 5001885-13.2023.4.04.7209/;3;3;base-bpc-loas-requisitos, base-precedentes-catalogo-vinculantes, bpc-renda-grupo-familiar
PROC 5001885-13.2023.4.04.7209;3;3;base-bpc-loas-requisitos, base-precedentes-catalogo-vinculantes, bpc-renda-grupo-familiar
DECRETO 7617/2011;3;1;base-bpc-loas-requisitos
DECRETO 9462/2018;3;1;base-bpc-loas-requisitos
TEMA 312/TNU;3;2;base-bpc-loas-requisitos, base-bpc-renda-per-capita-miserabilidade
LEI 89312/1984;3;1;base-contribuinte-em-dobro-lops-art9
DECRETO 89312;3;1;base-contribuinte-em-dobro-lops-art9
PROC 5000577-65.2021.4.04.7126;3;1;base-contribuinte-em-dobro-lops-art9
SUMULA 105/STJ;3;1;base-cpc-honorarios-sucumbencia-previdenciaria
TEMA 1044/STJ;3;2;base-cpc-prova-pericial-arts464-480, base-precedentes-catalogo-vinculantes
TEMA 1085/STJ;3;1;base-cpc-tutela-provisoria-previdenciaria
SUMULA 443/STJ;3;1;base-cumprimento-sentenca-rpv-precatorio
SUMULA 160/TFR;3;1;base-dano-moral-previdenciario
PEDILEF 5001032;3;2;base-especial-agentes-quimicos, base-tolueno-tema-382-tnu-via-cutanea
PEDILEF 0005459;3;2;auditoria-ppp, base-especial-ruido
LEI 12470/2011;3;1;base-facultativo-baixa-renda
PROC 5002876-10.2023.4.04.7202;3;3;base-facultativo-baixa-renda, base-incapacidade-b31-temporaria, base-precedentes-catalogo-vinculantes
RESP 1788404;3;2;aposentadoria-idade-hibrida, base-fungibilidade-previdenciaria
SUMULA 34/TNU;3;2;base-fungibilidade-previdenciaria, base-segurado-especial-autodeclaracao-arts-92-93-94
MP 739/2016;3;2;base-incapacidade-b91-permanente, periodo-graca-qualidade-segurado
TEMA 1086/STJ;3;1;base-jef-previdenciario
SUMULA 148/STJ;3;1;base-juros-correcao-monetaria
LC 230/2026;3;2;base-legislacao-fontes-primarias, base-revisao-peticao-aprofundada
EC 139/2026;3;2;base-legislacao-fontes-primarias, base-revisao-peticao-aprofundada
SUMULA 206/STJ;3;1;base-ms-competencia-autoridade-coatora-inss-crps
RESP 1529271;3;1;base-pcd-deficiencia-auditiva-visual
RESP 1857965;3;1;base-pcd-fibromialgia-lei15176
RESP 1652998;3;1;base-pcd-fibromialgia-lei15176
TEMA 7/TNU;3;2;base-pensao-por-morte-pos-reforma, pensao-por-morte
TEMA 32/TNU;3;2;base-pensao-por-morte-pos-reforma, pensao-por-morte
RE 477554;3;1;base-pensao-por-morte-uniao-estavel-prova
TEMA 378/TNU;3;2;base-peticao-paragrafo-de-realidade, base-precedentes-catalogo-vinculantes
SUMULA 80/TNU;3;2;analise-bpc-loas, base-peticao-paragrafo-de-realidade
PROC 5015397-63.2023.4.04.7112;3;3;base-peticao-previdenciaria-padrao-visual, peticao-previdenciaria, tema-1124-instrucao-administrativa
LC 80/1994;3;1;base-pfe-inss-anpd-dpu-conade
PORTARIA 994/2022;3;3;base-portarias-dpmf-inss-hub, base-revisao-peticao-aprofundada, base-rubricas-pagamento-inss
PORTARIA 6734/2020;3;2;base-portarias-dpmf-inss-hub, base-tema383-tnu-fundacentro-epi-biologicos
PORTARIA 1/2015;3;1;base-portarias-dpmf-inss-hub
PORTARIA 1005/2022;3;2;base-portarias-dpmf-inss-hub, contribuicoes-complementacao-ec103
PORTARIA 1251/2025;3;3;base-portarias-dpmf-inss-hub, base-segurado-especial-autodeclaracao-arts-92-93-94, inss-canais-atendimento
TEMA 554/STJ;3;2;base-precedentes-catalogo-vinculantes, segurado-especial-rural
TEMA 638/STJ;3;2;base-precedentes-catalogo-vinculantes, segurado-especial-rural
TEMA 1157/STJ;3;1;base-precedentes-catalogo-vinculantes
TEMA 1140/STJ;3;2;base-precedentes-catalogo-vinculantes, precedentes-previdenciarios
TEMA 1209/STF;3;2;base-precedentes-catalogo-vinculantes, precedentes-previdenciarios
TEMA 1370/STF;3;2;base-precedentes-catalogo-vinculantes, precedentes-previdenciarios
LEI 1569/1977;3;2;base-precedentes-catalogo-vinculantes, base-rt-ajuizamento-vinculo-previdenciario
DECRETO 1569/1977;3;2;base-precedentes-catalogo-vinculantes, base-rt-ajuizamento-vinculo-previdenciario
LEI 10839/2004;3;2;base-precedentes-catalogo-vinculantes, decadencia-revisao-previdenciaria
SUMULA 53/TNU;3;2;base-precedentes-catalogo-vinculantes, base-revisao-peticao-aprofundada
PEDILEF 0521830-35.2020.4.05.8100/;3;2;base-revisao-peticao-aprofundada, base-tnu-admissibilidade-manual
ENUNCIADO 12/CRPS;3;1;base-revisao-peticao-aprofundada
LEI 7604/1987;3;1;base-revisao-reajuste-ortn-otn
LEI 7730/1989;3;1;base-revisao-reajuste-ortn-otn
SUMULA 71/TFR;3;1;base-revisao-reajuste-ortn-otn
LEI 13105/2015;3;1;base-rito-ordinario-trf
MP 875/2019;3;1;base-rubricas-pagamento-inss
TEMA 20/STF;3;1;base-salario-contribuicao-limites
LEI 10101/2000;3;1;base-salario-contribuicao-limites
TEMA 985/STF;3;1;base-salario-contribuicao-limites
LEI 14442/2022;3;1;base-salario-familia-quota
LEI 14457/2022;3;1;base-salario-maternidade-pos-reforma
LEI 13134/2015;3;1;base-seguro-defeso-pescador-artesanal
DECRETO 57654/1966;3;1;base-servico-militar-obrigatorio
SUMULA 282/STF;3;1;base-tnu-admissibilidade-manual
PROC 5033738-70.2022.4.04.0000;3;1;base-tnu-admissibilidade-manual
SUMULA 79/TNU;3;2;analise-bpc-loas, base-tru-trf3-sumulas-jurisprudencia
LEI 12842/2013;3;1;base-validacao-formal-laudo-medico-checklist-ab
LEI 13977/2020;3;2;analise-bpc-loas, aposentadoria-deficiencia
RE 580963;3;2;analise-bpc-loas, bpc-renda-grupo-familiar
TEMA 168/TNU;3;2;aposentadoria-idade-hibrida, carta-servicos-inss
PROC 5038261-15.2015.4.04.7100;3;2;aposentadoria-idade-hibrida, indenizacao-contribuicoes-atraso
TEMA 1104/STF;3;2;aposentadoria-idade-hibrida, triagem-caso-novo
PUIL 5000733-56.2021.4.04.7222/;3;1;auxilio-acidente-b94
PROC 5000733-56.2021.4.04.7222;3;1;auxilio-acidente-b94
PUIL 5026380-43.2022.4.02.5001/;3;1;auxilio-acidente-b94
PROC 5026380-43.2022.4.02.5001;3;1;auxilio-acidente-b94
RESP 2077714;3;1;auxilio-acidente-b94
RESP 2199012;3;1;auxilio-acidente-b94
RESP 2217297;3;1;auxilio-acidente-b94
PROC 5013553-90.2021.4.03.6105;3;2;auxilio-acidente-b94, mandado-seguranca-previdenciario
PROC 5059859-24.2021.4.04.7000;3;2;auxilio-acidente-b94, mandado-seguranca-previdenciario
PROC 5029923-60.2025.4.04.0000;3;1;auxilio-acidente-b94
RESP 1958361;3;1;auxilio-reclusao-previdenciario
PORTARIA 1121/2023;3;2;cnis-acerto-indicadores, contribuicoes-complementacao-ec103
ARESP 2683132;3;1;coisa-julgada-previdenciaria
ARESP 1538872;3;1;coisa-julgada-previdenciaria
RE 586068;3;1;coisa-julgada-previdenciaria
PROC 5000078-47.2022.4.04.7126;3;2;contribuicoes-complementacao-ec103, periodo-graca-qualidade-segurado
PEDILEF 0002300-36.2024.4.05.8109/;3;3;contribuicoes-complementacao-ec103, pensao-por-morte, periodo-graca-qualidade-segurado
PROC 0002300-36.2024.4.05.8109;3;3;contribuicoes-complementacao-ec103, pensao-por-morte, periodo-graca-qualidade-segurado
LEI 8935/1994;3;1;contribuinte-individual-in128
RE 626489;3;1;decadencia-revisao-previdenciaria
LEI 14191/2021;3;2;deficiencia-auditiva-previdenciaria, direitos-pcd-previdenciarios
LEI 8989/1995;3;2;deficiencia-auditiva-previdenciaria, direitos-pcd-previdenciarios
LEI 8899/1994;3;2;deficiencia-auditiva-previdenciaria, direitos-pcd-previdenciarios
PROC 5023872-14.2017.4.04.0000;3;2;impugnacao-cumprimento-concomitantes, precedentes-previdenciarios
PROC 5005184-28.2022.4.04.0000;3;1;indenizacao-contribuicoes-atraso
PROC 5019303-10.2022.4.04.7205;3;1;indenizacao-contribuicoes-atraso
TEMA 192/TNU;3;1;indenizacao-contribuicoes-atraso
LEI 11350/2006;3;1;lei-14128-covid-saude
PROC 5014490-19.2020.4.03.0000;3;2;mandado-seguranca-previdenciario, ms-competencia-autoridade-coatora
TEMA 339/STJ;3;1;ntep-nexo-acidentario
QO 43/TNU;3;1;pedilef-cotejo-analitico-tnu
QO 50/TNU;3;1;pedilef-cotejo-analitico-tnu
TEMA 286/TNU;3;1;pensao-por-morte
TEMA 371/TNU;3;1;pensao-por-morte
PROC 5006152-98.2022.4.04.7100;3;1;pensao-por-morte
PEDILEF 0504229-18.2022.4.05.8400/;3;2;periodo-graca-qualidade-segurado, segurado-especial-rural
PROC 0504229-18.2022.4.05.8400;3;2;periodo-graca-qualidade-segurado, segurado-especial-rural
PROC 5007016-49.2019.4.03.6105;3;2;precedentes-previdenciarios, reafirmacao-der
PORTARIA 7/2020;3;1;segurado-especial-rural
RE 1525407;3;1;tributacao-beneficios-previdenciarios
RE 1469150;2;1;base-acumulacao-beneficios-ec103-art24
RE 602584;2;1;base-acumulacao-beneficios-ec103-art24
RE 612975;2;1;base-acumulacao-beneficios-ec103-art24
RE 602043;2;1;base-acumulacao-beneficios-ec103-art24
RE 658999;2;1;base-acumulacao-beneficios-ec103-art24
ARE 1587588;2;1;base-acumulacao-beneficios-ec103-art24
ARE 1475653;2;1;base-acumulacao-beneficios-ec103-art24
EC 47/2005;2;2;base-acumulacao-beneficios-ec103-art24, base-precedentes-catalogo-vinculantes
ADI 4827;2;1;base-aposentadoria-especial-transicao-ec103
TEMA 709/STF;2;2;base-aposentadoria-futura-pipeline, base-precedentes-catalogo-vinculantes
TEMA 249/TNU;2;1;base-aposentadoria-pcd-lc142
TEMA 641/TNU;2;1;base-aposentadoria-pcd-lc142
PUIL 5026380;2;2;auxilio-acidente-b94, base-auxilio-acidente-b94-pos-reforma
PORTARIA 28/2024;2;1;base-bpc-comprometimento-renda
PORTARIA 94/2024;2;1;base-bpc-comprometimento-renda
PEDILEF 0000020-09.3808.7.01.3419/;2;2;base-bpc-loas-requisitos, base-precedentes-catalogo-vinculantes
PEDILEF 0003636-52.2018.4.01.3306/;2;2;base-bpc-loas-requisitos, base-precedentes-catalogo-vinculantes
PROC 0000020-09.3808.7.01.3419;2;2;base-bpc-loas-requisitos, base-precedentes-catalogo-vinculantes
PROC 0003636-52.2018.4.01.3306;2;2;base-bpc-loas-requisitos, base-precedentes-catalogo-vinculantes
LEI 13982/2020;2;2;base-bpc-pbf-anuencia-in54-2026, base-bpc-renda-per-capita-miserabilidade
DECRETO 11392/2023;2;1;base-cadastro-domiciliar-cadunico-in21-2026
LEI 13869/2019;2;1;base-cadastro-domiciliar-cadunico-in21-2026
TEMA 999/STJ;2;2;base-calculo-rmi-ec103, base-revisao-atividades-concomitantes-tema1070
PORTARIA 22/2022;2;1;base-carencia-por-especie-art27a
LC 123;2;1;base-cnis-acerto-indicadores
PORTARIA 998/2022;2;1;base-contagem-reciproca-rgps-rpps
PORTARIA 1250/2024;2;1;base-contagem-reciproca-rgps-rpps
RESP 1704520;2;1;base-cpc-agravo-instrumento-art1015
SUMULA 284/STF;2;1;base-cpc-coisa-julgada-progressiva
SUMULA 150/STF;2;1;base-cpc-prescricao-decadencia-processual
DECRETO 20910;2;1;base-cpc-prescricao-decadencia-processual
PORTARIA 116/2017;2;2;base-crps-panorama-geral, mandado-seguranca-previdenciario
TEMA 372/STJ;2;1;base-dano-moral-previdenciario
SUMULA 326/STJ;2;1;base-dano-moral-previdenciario
PORTARIA 1318/2025;2;2;base-erro-administrativo-iea-13975, base-notificacao-extrajudicial-mapeamento-institucional
PEDILEF 5001032-41.2022.4.04.7014/;2;2;auditoria-ppp, base-especial-agentes-quimicos
PROC 5001032-41.2022.4.04.7014;2;2;auditoria-ppp, base-especial-agentes-quimicos
LEI 12009/2009;2;1;base-especial-periculosidade-motociclista-nr16-anexov
PUIL 5002876-10.2023.4.04.7202/;2;2;base-facultativo-baixa-renda, base-incapacidade-b31-temporaria
RESP 1767789;2;1;base-fungibilidade-previdenciaria
RESP 1803154;2;1;base-fungibilidade-previdenciaria
PEDILEF 0501880-97.2015.4.01.3507/;2;1;base-fungibilidade-previdenciaria
PROC 0501880-97.2015.4.01.3507;2;1;base-fungibilidade-previdenciaria
RESP 824075;2;1;base-fungibilidade-previdenciaria
ENUNCIADO 95/FONAJEF;2;2;base-jef-previdenciario, base-recursos-jef
SUMULA 362/STJ;2;1;base-juros-correcao-monetaria
PORTARIA 235/2026;2;1;base-legislacao-fontes-primarias
PROC 5021710-82.2014.4.04.7200;2;2;base-ms-cabimento-direito-liquido-certo, base-precedentes-catalogo-vinculantes
PROC 5012265-04.2020.4.03.6183;2;2;base-ms-cabimento-direito-liquido-certo, base-precedentes-catalogo-vinculantes
DECRETO 5296;2;1;base-pcd-deficiencia-auditiva-visual
TEMA 732/STJ;2;2;base-pensao-por-morte-pos-reforma, base-precedentes-catalogo-vinculantes
TEMA 732/STF;2;1;base-pensao-por-morte-pos-reforma
TEMA 304/TNU;2;1;base-pensao-por-morte-uniao-estavel-prova
LEI 13853/2019;2;1;base-pfe-inss-anpd-dpu-conade
DECRETO 11348/2023;2;1;base-pfe-inss-anpd-dpu-conade
LC 73;2;1;base-pfe-inss-anpd-dpu-conade
PORTARIA 993/2022;2;2;base-portarias-dpmf-inss-hub, base-revisao-peticao-aprofundada
PORTARIA 995/2022;2;2;base-portarias-dpmf-inss-hub, base-revisao-peticao-aprofundada
ENUNCIADO 10/CRPS;2;1;base-precedentes-catalogo-vinculantes
TEMA 164/TNU;2;1;base-precedentes-catalogo-vinculantes
TEMA 1307/STJ;2;1;base-precedentes-catalogo-vinculantes
TEMA 1220/STJ;2;1;base-precedentes-catalogo-vinculantes
TEMA 1321/STJ;2;1;base-precedentes-catalogo-vinculantes
TEMA 1328/STJ;2;1;base-precedentes-catalogo-vinculantes
TEMA 1341/STJ;2;1;base-precedentes-catalogo-vinculantes
TEMA 1271/STF;2;1;base-precedentes-catalogo-vinculantes
TEMA 1298/STF;2;1;base-precedentes-catalogo-vinculantes
TEMA 1353/STF;2;1;base-precedentes-catalogo-vinculantes
TEMA 338/TNU;2;1;base-precedentes-catalogo-vinculantes
TEMA 145/TNU;2;1;base-precedentes-catalogo-vinculantes
SUMULA 52/TNU;2;2;base-precedentes-catalogo-vinculantes, pensao-por-morte
MP 767/2017;2;2;base-precedentes-catalogo-vinculantes, periodo-graca-qualidade-segurado
TEMA 1188/STF;2;2;base-reclamatoria-trabalhista-prova-previdenciaria, base-rt-ajuizamento-vinculo-previdenciario
SUMULA 443/STF;2;1;base-revisao-reajuste-ortn-otn
RE 1054232;2;1;base-revisao-teto-buraco-negro-verde
RESP 1554596;2;1;base-revisao-teto-buraco-negro-verde
ADI 2110;2;1;base-revisao-vida-toda-rvt
ADI 2111;2;1;base-revisao-vida-toda-rvt
TEMA 1054/STF;2;1;base-rpps-na-otica-do-rgps
LEI 13149/2015;2;2;base-rt-ajuizamento-vinculo-previdenciario, tributacao-beneficios-previdenciarios
LEI 13638/2018;2;1;base-rubricas-pagamento-inss
LEI 7418/1985;2;1;base-salario-contribuicao-limites
LEI 11770/2008;2;1;base-salario-maternidade-pos-reforma
TEMA 161/STF;2;1;base-salario-maternidade-pos-reforma
RE 778889;2;1;base-salario-maternidade-pos-reforma
RESP 1348633;2;1;base-segurado-especial-autodeclaracao-arts-92-93-94
RE 664335;2;2;base-tema383-tnu-fundacentro-epi-biologicos, documentos-comprobatorios-in128
SUMULA 22/TNU;2;1;base-termo-inicial-dib-por-especie
SUMULA 283/STF;2;1;base-tnu-admissibilidade-manual
PEDILEF 0525622-02.2017.4.05.8100;2;1;base-tnu-admissibilidade-manual
PROC 0525622-02.2017.4.05.8100;2;1;base-tnu-admissibilidade-manual
PROC 5000020-20.2024.4.90.0000;2;1;base-tnu-admissibilidade-manual
PROC 5000018-50.2024.4.90.0000;2;1;base-tnu-admissibilidade-manual
PROC 5000041-93.2024.4.90.0000;2;1;base-tnu-admissibilidade-manual
PROC 5000032-34.2024.4.90.0000;2;1;base-tnu-admissibilidade-manual
PROC 0001361-68.2017.4.03.6327;2;1;base-tnu-admissibilidade-manual
PROC 5001931-18.2022.4.04.7118;2;1;base-tnu-admissibilidade-manual
PROC 5001345-16.2019.4.04.7108;2;1;base-tnu-admissibilidade-manual
PROC 5000017-31.2025.4.90.0000;2;1;base-tnu-admissibilidade-manual
PUIL 5012678-29.2017.4.04.7000/;2;1;base-tolueno-tema-382-tnu-via-cutanea
PROC 5012678-29.2017.4.04.7000;2;1;base-tolueno-tema-382-tnu-via-cutanea
PEDILEF 0136882-37.2014.4.05.8300/;2;1;base-tolueno-tema-382-tnu-via-cutanea
PEDILEF 5001032-25.2014.4.04.7204/;2;1;base-tolueno-tema-382-tnu-via-cutanea
PROC 0136882-37.2014.4.05.8300;2;1;base-tolueno-tema-382-tnu-via-cutanea
PROC 5001032-25.2014.4.04.7204;2;1;base-tolueno-tema-382-tnu-via-cutanea
LEI 8620/1993;2;1;base-tru-trf3-sumulas-jurisprudencia
TEMA 299/TNU;2;1;analise-bpc-loas
PORTARIA 490/2026;2;1;analise-documental-incapacidade
RE 1281909;2;1;aposentadoria-idade-hibrida
PEDILEF 0001508-25.2020.4.01.3500;2;2;aposentadoria-idade-hibrida, indenizacao-contribuicoes-atraso
PROC 0001508-25.2020.4.01.3500;2;2;aposentadoria-idade-hibrida, indenizacao-contribuicoes-atraso
DECRETO 12773/2025;2;1;aposentadoria-professor-rgps
RESP 2163429;2;2;auditoria-ppp, defesa-probatoria-especial
PROC 0004352-48.2025.4.05.0000;2;1;auxilio-acidente-b94
PROC 5007232-91.2024.4.03.6183;2;1;auxilio-acidente-b94
PROC 0520365-59.2018.4.05.8100;2;1;auxilio-acidente-b94
PROC 5044350-33.2023.4.04.0000;2;2;auxilio-reclusao-previdenciario, pensao-por-morte
RESP 1485417;2;1;auxilio-reclusao-previdenciario
PUIL 5000345-04.2021.4.04.7013/;2;1;auxilio-reclusao-previdenciario
PROC 5000345-04.2021.4.04.7013;2;1;auxilio-reclusao-previdenciario
PROC 5003395-11.2020.4.04.7001;2;1;auxilio-reclusao-previdenciario
RE 587365;2;1;auxilio-reclusao-previdenciario
PROC 1012773-27.2023.4.06.9999;2;1;auxilio-reclusao-previdenciario
PROC 0800250-80.2024.4.05.8504;2;1;bpc-renda-grupo-familiar
PROC 5003609-92.2021.4.04.9999;2;1;coisa-julgada-previdenciaria
RESP 2058878;2;1;coisa-julgada-previdenciaria
ARESP 2729056;2;1;coisa-julgada-previdenciaria
PROC 5042696-84.2018.4.04.0000;2;1;coisa-julgada-previdenciaria
PROC 5018748-67.2023.4.03.0000;2;1;coisa-julgada-previdenciaria
PROC 5012947-11.2022.4.04.7201;2;1;coisa-julgada-previdenciaria
RESP 1217377;2;1;coisa-julgada-previdenciaria
PROC 5039976-08.2022.4.04.0000;2;1;coisa-julgada-previdenciaria
PORTARIA 1553/2023;2;1;contribuicoes-complementacao-ec103
RE 593068;2;2;contribuicoes-complementacao-ec103, periodo-graca-qualidade-segurado
RESP 2199944;2;1;decadencia-revisao-previdenciaria
TEMA 170/TNU;2;1;defesa-probatoria-especial
LEI 10436/2002;2;1;deficiencia-auditiva-previdenciaria
DECRETO 5626/2005;2;1;deficiencia-auditiva-previdenciaria
LEI 17293/2020;2;2;deficiencia-auditiva-previdenciaria, direitos-pcd-previdenciarios
LEI 12212/2010;2;2;deficiencia-auditiva-previdenciaria, direitos-pcd-previdenciarios
DECRETO 7583/2011;2;2;deficiencia-auditiva-previdenciaria, direitos-pcd-previdenciarios
DECRETO 3691/2000;2;2;deficiencia-auditiva-previdenciaria, direitos-pcd-previdenciarios
LEI 10048/2000;2;2;deficiencia-auditiva-previdenciaria, direitos-pcd-previdenciarios
LEI 12933/2013;2;2;deficiencia-auditiva-previdenciaria, direitos-pcd-previdenciarios
DECRETO 8537/2015;2;2;deficiencia-auditiva-previdenciaria, direitos-pcd-previdenciarios
LEI 11977/2009;2;2;deficiencia-auditiva-previdenciaria, direitos-pcd-previdenciarios
RESP 1954424;2;1;documentos-comprobatorios-in128
PROC 0001464-74.2009.2.00.0000;2;1;documentos-comprobatorios-in128
RE 414550;2;1;documentos-comprobatorios-in128
PROC 5048697-22.2017.4.04.0000;2;1;execucao-cumprimento-previdenciario
PROC 5044361-72.2017.4.04.0000;2;1;execucao-cumprimento-previdenciario
RE 1205530;2;1;execucao-cumprimento-previdenciario
SUMULA 354/STF;2;1;execucao-cumprimento-previdenciario
RE 666589;2;1;execucao-cumprimento-previdenciario
PROC 5036774-34.2020.4.04.7100;2;1;execucao-cumprimento-previdenciario
RE 870947;2;1;execucao-cumprimento-previdenciario
LEI 8078/1990;2;1;formacao-documentacao-did-pcd
SUMULA 609/STJ;2;1;formacao-documentacao-did-pcd
PORTARIA 1820/2009;2;1;formacao-documentacao-did-pcd
RESP 1240190;2;1;impugnacao-cumprimento-concomitantes
PEDILEF 5068010-43.2016.4.04.7100;2;2;impugnacao-cumprimento-concomitantes, precedentes-previdenciarios
PROC 5068010-43.2016.4.04.7100;2;2;impugnacao-cumprimento-concomitantes, precedentes-previdenciarios
PROC 5004912-76.2018.4.03.9999;2;1;incidentes-instrucao-crps
RESP 1856967;2;1;incidentes-instrucao-crps
PROC 5010882-81.2018.4.03.0000;2;1;incidentes-instrucao-crps
DECRETO 10410;2;1;indenizacao-contribuicoes-atraso
SUMULA 75/TNU;2;1;indenizacao-contribuicoes-atraso
PROC 5010449-27.2022.4.04.7205;2;1;indenizacao-contribuicoes-atraso
PROC 5000777-95.2022.4.04.7204;2;1;indenizacao-contribuicoes-atraso
PROC 5001579-12.2021.4.04.7210;2;1;indenizacao-contribuicoes-atraso
PROC 5036235-91.2021.4.04.0000;2;1;indenizacao-contribuicoes-atraso
PROC 5002439-75.2022.4.04.0000;2;1;indenizacao-contribuicoes-atraso
PROC 5002698-08.2021.4.04.7210;2;1;indenizacao-contribuicoes-atraso
PROC 5006782-76.2021.4.04.7202;2;1;indenizacao-contribuicoes-atraso
PROC 5026603-36.2024.4.04.0000;2;1;indenizacao-contribuicoes-atraso
PROC 5028193-82.2023.4.04.0000;2;1;indenizacao-contribuicoes-atraso
PORTARIA 188/2020;2;1;lei-14128-covid-saude
PORTARIA 913/2022;2;1;lei-14128-covid-saude
LEI 14010/2020;2;1;lei-14128-covid-saude
RE 627709;2;2;mandado-seguranca-previdenciario, ms-competencia-autoridade-coatora
PROC 5023377-89.2020.4.03.0000;2;1;ms-competencia-autoridade-coatora
PROC 5000864-04.2019.4.03.6131;2;1;ms-competencia-autoridade-coatora
PROC 5000361-55.2024.4.03.6115;2;1;ms-competencia-autoridade-coatora
PROC 5014872-59.2022.4.03.6105;2;1;ms-competencia-autoridade-coatora
PROC 5008294-33.2020.4.03.0000;2;1;ms-competencia-autoridade-coatora
PROC 5015986-83.2020.4.03.0000;2;1;ms-competencia-autoridade-coatora
PORTARIA 765/2025;2;1;ntep-nexo-acidentario
SUMULA 501/STF;2;1;ntep-nexo-acidentario
SUMULA 15/STJ;2;1;ntep-nexo-acidentario
DECRETO 6957/2009;2;1;ntep-nexo-acidentario
QO 28/TNU;2;1;pedilef-cotejo-analitico-tnu
QO 2/TNU;2;1;pedilef-cotejo-analitico-tnu
QO 46/TNU;2;1;pedilef-cotejo-analitico-tnu
QO 14/TNU;2;1;pedilef-cotejo-analitico-tnu
QO 23/TNU;2;1;pedilef-cotejo-analitico-tnu
TEMA 39/TNU;2;1;pensao-por-morte
TEMA 118/TNU;2;1;pensao-por-morte
TEMA 284/TNU;2;1;pensao-por-morte
TEMA 114/TNU;2;1;pensao-por-morte
PROC 5015395-67.2021.4.04.7208;2;2;pensao-por-morte, periodo-graca-qualidade-segurado
PEDILEF 0015774-47.2023.4.05.8000/;2;2;pensao-por-morte, periodo-graca-qualidade-segurado
PROC 0015774-47.2023.4.05.8000;2;2;pensao-por-morte, periodo-graca-qualidade-segurado
PEDILEF 0015774-47;2;1;periodo-graca-qualidade-segurado
PEDILEF 0002300-36;2;1;periodo-graca-qualidade-segurado
PORTARIA 27/2021;2;1;perspectiva-genero-previdenciario
PEDILEF 5053159-26;2;2;precedentes-previdenciarios, reafirmacao-der
PROC 5011644-55.2019.4.04.7204;2;2;precedentes-previdenciarios, reafirmacao-der
RESP 1847731;2;1;precedentes-previdenciarios
RESP 1880529;2;1;precedentes-previdenciarios
RESP 2192331;2;1;precedentes-previdenciarios
PROC 5020232-32.2019.4.04.0000;2;1;precedentes-previdenciarios
ENUNCIADO 15/CRPS;2;1;segurado-especial-rural
PUIL 1001293-53.2020.4.01.3805/;2;1;segurado-especial-rural
PROC 1001293-53.2020.4.01.3805;2;1;segurado-especial-rural
PUIL 5009034-30.2021.4.03.6119;2;1;segurado-especial-rural
PROC 5009034-30.2021.4.03.6119;2;1;segurado-especial-rural
PROC 5031617-51.2018.4.04.7100;2;1;segurado-especial-rural
ARE 1500973;2;1;segurado-especial-rural
TEMA 297/STJ;2;1;segurado-especial-rural
LEI 9250/1995;2;1;tributacao-beneficios-previdenciarios
RE 614406;2;1;tributacao-beneficios-previdenciarios
RESP 1836364;2;1;tributacao-beneficios-previdenciarios
RESP 1116620;2;1;tributacao-beneficios-previdenciarios
LEI 14126/2021;2;1;tributacao-beneficios-previdenciarios
RESP 1507320;2;1;tributacao-beneficios-previdenciarios
EC 19/1998;1;1;base-acumulacao-beneficios-ec103-art24
EC 18/1998;1;1;base-acumulacao-beneficios-ec103-art24
SUMULA VINCULANTE 33;1;1;base-acumulacao-beneficios-ec103-art24
ADI 1721;1;1;base-aposentadoria-especial-transicao-ec103
TEMA 1036/STJ;1;1;base-aposentadoria-pcd-lc142
TEMA 452/TNU;1;1;base-aposentadoria-pcd-lc142
PUIL 5001623-70.2014.4.04.7000;1;1;base-aposentadoria-transicao-ec103
PROC 5001623-70.2014.4.04.7000;1;1;base-aposentadoria-transicao-ec103
SUMULA 239/STF;1;1;base-auxilio-acidente-b94-pos-reforma
TEMA 74/TNU;1;1;base-bpc-impedimento-longo-prazo
DECRETO 6564;1;1;base-bpc-loas-requisitos
DECRETO 7617;1;1;base-bpc-loas-requisitos
DECRETO 8805;1;1;base-bpc-loas-requisitos
DECRETO 9462;1;1;base-bpc-loas-requisitos
DECRETO 10554;1;1;base-bpc-loas-requisitos
LEI 10406/2002;1;1;base-bpc-loas-requisitos
ADI 7765;1;1;base-bpc-pbf-anuencia-in54-2026
ADI 5751;1;1;base-bpc-pbf-anuencia-in54-2026
LEI 10836/2004;1;1;base-bpc-renda-per-capita-miserabilidade
PORTARIA 1145/2025;1;1;base-cadastro-domiciliar-cadunico-in21-2026
IN 18/2026;1;1;base-cadastro-domiciliar-cadunico-in21-2026
DECRETO 9492;1;1;base-canais-falabr-corregedoria-cgu
DECRETO 9723;1;1;base-canais-falabr-corregedoria-cgu
DECRETO 11529;1;1;base-canais-falabr-corregedoria-cgu
ADPF 690;1;1;base-canais-falabr-corregedoria-cgu
RESP 1110547;1;1;base-canais-falabr-corregedoria-cgu
LEI 8878/1994;1;1;base-cnis-acerto-indicadores
PORTARIA 1400/2024;1;1;base-contagem-reciproca-rgps-rpps
PORTARIA 1054/2022;1;1;base-contagem-reciproca-rgps-rpps
DECRETO 77077;1;1;base-contribuinte-em-dobro-lops-art9
TEMA 1116/STJ;1;1;base-cpc-acao-rescisoria-previdenciaria
RESP 1727064;1;1;base-cpc-fato-superveniente-art493
RESP 1727069;1;1;base-cpc-fato-superveniente-art493
TEMA 33/STF;1;1;base-cpc-fato-superveniente-art493
RE 638115;1;1;base-cpc-tutela-provisoria-previdenciaria
LEI 6514/1977;1;1;base-especial-agentes-biologicos
PEDILEF 5000864;1;1;base-especial-agentes-biologicos
LEI 6938/1981;1;1;base-especial-agentes-quimicos
PEDILEF 0136882-97.2017.4.02.5167/;1;1;base-especial-agentes-quimicos
PROC 0136882-97.2017.4.02.5167;1;1;base-especial-agentes-quimicos
PEDILEF 0000896-82.2018.4.01.3804;1;1;base-especial-eletricidade-periculosidade
IN 78/2002;1;1;base-especial-ppp-mudanca-layout-historico
SUMULA VINCULANTE 9;1;1;base-especial-ruido
RESP 1398260;1;1;base-especial-ruido
TEMA 698/STF;1;1;base-especial-ruido
DECRETO 83080/1979;1;1;base-especial-ruido
PEDILEF 0001717.;1;1;base-especial-ruido
RESP 1112886;1;1;base-fungibilidade-previdenciaria
SUMULA 47/STJ;1;1;base-honorarios-contratuais-cobranca
SUMULA 378/STJ;1;1;base-incapacidade-acidentaria-b92
PORTARIA 914/2021;1;1;base-incapacidade-b31-temporaria
ENUNCIADO 24/FONAJEF;1;1;base-jef-trf3-manual-2025
ENUNCIADO 9/FONAJEF;1;1;base-jef-trf3-manual-2025
ENUNCIADO 22/FONAJEF;1;1;base-jef-trf3-manual-2025
PORTARIA 37/2022;1;1;base-jef-trf3-manual-2025
LEI 13876/2019;1;1;base-jef-trf3-manual-2025
LEI 13300/2016;1;1;base-juros-correcao-monetaria
DECRETO 62755;1;1;base-legislacao-fontes-primarias
LC 75/1993;1;1;base-mpf-pfdc-prm-defesa-segurado
LEI 8625/1993;1;1;base-mpf-pfdc-prm-defesa-segurado
RESP 1075295;1;1;base-mpf-pfdc-prm-defesa-segurado
RESP 1412523;1;1;base-mpf-pfdc-prm-defesa-segurado
RESP 1473846;1;1;base-mpf-pfdc-prm-defesa-segurado
RESP 1114967;1;1;base-mpf-pfdc-prm-defesa-segurado
LEI 12529/2011;1;1;base-mpf-pfdc-prm-defesa-segurado
ADI 6038;1;1;base-notificacao-extrajudicial-mapeamento-institucional
RESP 1348557;1;1;base-notificacao-extrajudicial-mapeamento-institucional
RESP 1567493;1;1;base-notificacao-extrajudicial-mapeamento-institucional
RESP 1075629;1;1;base-notificacao-extrajudicial-mapeamento-institucional
RESP 1157527;1;1;base-notificacao-extrajudicial-mapeamento-institucional
SUMULA 340/STJ;1;1;base-pensao-por-morte-pos-reforma
RE 605867;1;1;base-pensao-por-morte-pos-reforma
RESP 1388030;1;1;base-pensao-por-morte-uniao-estavel-prova
DECRETO 9765/2019;1;1;base-pericia-medica-federal-telepericia
LEI 10480/2002;1;1;base-pfe-inss-anpd-dpu-conade
DECRETO 11328/2023;1;1;base-pfe-inss-anpd-dpu-conade
LEI 13844/2019;1;1;base-pfe-inss-anpd-dpu-conade
RE 593443;1;1;base-pfe-inss-anpd-dpu-conade
ADI 6387;1;1;base-pfe-inss-anpd-dpu-conade
RESP 1997793;1;1;base-pfe-inss-anpd-dpu-conade
RESP 2014849;1;1;base-pfe-inss-anpd-dpu-conade
RESP 1823058;1;1;base-pfe-inss-anpd-dpu-conade
RESP 1945030;1;1;base-pfe-inss-anpd-dpu-conade
EC 80/2014;1;1;base-pfe-inss-anpd-dpu-conade
TEMA 544/STJ;1;1;base-precedentes-catalogo-vinculantes
TEMA 966/STJ;1;1;base-precedentes-catalogo-vinculantes
TEMA 1117/STJ;1;1;base-precedentes-catalogo-vinculantes
TEMA 942/STF;1;1;base-precedentes-catalogo-vinculantes
TEMA 998/STJ;1;1;base-precedentes-catalogo-vinculantes
TEMA 1096/STF;1;1;base-precedentes-catalogo-vinculantes
TEMA 21/STJ;1;1;base-precedentes-catalogo-vinculantes
TEMA 223/TNU;1;1;base-precedentes-catalogo-vinculantes
TEMA 377/TNU;1;1;base-precedentes-catalogo-vinculantes
TEMA 22/STJ;1;1;base-precedentes-catalogo-vinculantes
TEMA 213/STJ;1;1;base-precedentes-catalogo-vinculantes
TEMA 156/STJ;1;1;base-precedentes-catalogo-vinculantes
TEMA 644/STJ;1;1;base-precedentes-catalogo-vinculantes
TEMA 1362/STF;1;1;base-precedentes-catalogo-vinculantes
TEMA 285/TNU;1;1;base-precedentes-catalogo-vinculantes
TEMA 1013/STJ;1;1;base-precedentes-catalogo-vinculantes
TEMA 220/TNU;1;1;base-precedentes-catalogo-vinculantes
TEMA 343/TNU;1;1;base-precedentes-catalogo-vinculantes
TEMA 1083/STF;1;1;base-precedentes-catalogo-vinculantes
TEMA 1232/STJ;1;1;base-precedentes-catalogo-vinculantes
TEMA 30/TNU;1;1;base-precedentes-catalogo-vinculantes
TEMA 66/TNU;1;1;base-precedentes-catalogo-vinculantes
TEMA 375/TNU;1;1;base-precedentes-catalogo-vinculantes
PEDILEF 0521830-35.2020.4.05.8100;1;1;base-precedentes-catalogo-vinculantes
TEMA 58/TNU;1;1;base-precedentes-catalogo-vinculantes
PEDILEF 0521830-35.2020.4.05.8100.;1;1;base-precedentes-catalogo-vinculantes
LEI 12188/2010;1;1;base-precedentes-catalogo-vinculantes
LC 51/1985;1;1;base-precedentes-catalogo-vinculantes
LEI 6367/1976;1;1;base-precedentes-catalogo-vinculantes
EC 18/1981;1;1;base-precedentes-catalogo-vinculantes
LC 51;1;1;base-precedentes-catalogo-vinculantes
SUMULA 44/STJ;1;1;base-precedentes-catalogo-vinculantes
LEI 9711/1998;1;1;base-precedentes-catalogo-vinculantes
SUMULA 576/STJ;1;1;base-precedentes-catalogo-vinculantes
SUMULA 17/TNU;1;1;base-precedentes-catalogo-vinculantes
RE 597389;1;1;base-precedentes-catalogo-vinculantes
SUMULA 70/TNU;1;1;base-precedentes-catalogo-vinculantes
SUMULA 78/TNU;1;1;base-precedentes-catalogo-vinculantes
SUMULA 33/TNU;1;1;base-precedentes-catalogo-vinculantes
SUMULA 82/TNU;1;1;base-precedentes-catalogo-vinculantes
SUMULA 74/TNU;1;1;base-precedentes-catalogo-vinculantes
DECRETO 8123/2013;1;1;base-precedentes-catalogo-vinculantes
TEMA 100/TNU;1;1;base-precedentes-catalogo-vinculantes
ADI 5755;1;1;base-precedentes-catalogo-vinculantes
LEI 13463/2017;1;1;base-precedentes-catalogo-vinculantes
SUMULA 81/TNU;1;1;base-precedentes-catalogo-vinculantes
LEI 13847/2019;1;1;base-precedentes-catalogo-vinculantes
PROC 0002320-59.2012.4.03.6183;1;1;base-precedentes-catalogo-vinculantes
PUIL 1028473-09.2022.4.01.3600.;1;1;base-puil-pedilef-vedacao-materia-processual
SUMULA 378/TST;1;1;base-reabilitacao-profissional
MP 201/1999;1;1;base-revisao-vida-toda-rvt
RESP 1682738;1;1;base-rpps-na-otica-do-rgps
LEI 11941/2009;1;1;base-rt-ajuizamento-vinculo-previdenciario
LEI 14181/2021;1;1;base-rubricas-pagamento-inss
ADI 5794;1;1;base-rubricas-pagamento-inss
SUMULA 207/STF;1;1;base-salario-contribuicao-limites
SUMULA 688/STF;1;1;base-salario-contribuicao-limites
RE 220742;1;1;base-salario-familia-quota
LEI 10421/2002;1;1;base-salario-maternidade-pos-reforma
LEI 5868/1972;1;1;base-segurado-especial-autodeclaracao-arts-92-93-94
PORTARIA 3/2021;1;1;base-segurado-especial-autodeclaracao-arts-92-93-94
SUMULA 12/TST;1;1;base-siglas-inss
LEI 2351/1987;1;1;base-siglas-inss
LEI 7789/1989;1;1;base-siglas-inss
DECRETO 2351/1987;1;1;base-siglas-inss
DECRETO 8539/2015;1;1;base-tema383-tnu-fundacentro-epi-biologicos
TEMA 326/TNU;1;1;base-termo-inicial-dib-por-especie
PEDILEF 200638007233053;1;1;base-tnu-admissibilidade-manual
PUIL 1.279/;1;1;base-tnu-admissibilidade-manual
ARE 850960;1;1;base-tnu-admissibilidade-manual
PROC 5011435-67.2011.4.04.7107;1;1;base-tnu-admissibilidade-manual
QO 56/TNU;1;1;base-tnu-admissibilidade-manual
LEI 13467/2017;1;1;base-tolueno-tema-382-tnu-via-cutanea
PORTARIA 1109/2016;1;1;base-tolueno-tema-382-tnu-via-cutanea
PROC 0000146-33.2015.4.03.9300;1;1;base-tru-trf3-sumulas-jurisprudencia
PROC 0000635-67.2015.4.03.9301;1;1;base-tru-trf3-sumulas-jurisprudencia
PROC 0000147-18.2015.4.03.9300;1;1;base-tru-trf3-sumulas-jurisprudencia
PROC 0000148-03.2015.4.03.9300;1;1;base-tru-trf3-sumulas-jurisprudencia
PROC 0000149-85.2015.4.03.9300;1;1;base-tru-trf3-sumulas-jurisprudencia
PROC 0000150-70.2015.4.03.9300;1;1;base-tru-trf3-sumulas-jurisprudencia
PROC 0000151-55.2015.4.03.9300;1;1;base-tru-trf3-sumulas-jurisprudencia
PROC 0000152-40.2015.4.03.9300;1;1;base-tru-trf3-sumulas-jurisprudencia
PROC 0000920-19.2014.4.03.6319;1;1;base-tru-trf3-sumulas-jurisprudencia
PROC 0001666-45.2014.4.03.6331;1;1;base-tru-trf3-sumulas-jurisprudencia
PROC 0006066-92.2014.4.03.6302;1;1;base-tru-trf3-sumulas-jurisprudencia
PROC 0010812-03.2014.4.03.6302;1;1;base-tru-trf3-sumulas-jurisprudencia
PROC 0063790-91.2013.4.03.6301;1;1;base-tru-trf3-sumulas-jurisprudencia
PROC 0092610-33.2007.4.03.6301;1;1;base-tru-trf3-sumulas-jurisprudencia
TEMA 533/STJ;1;1;base-tru-trf3-sumulas-jurisprudencia
LEI 14626/2023;1;1;analise-bpc-loas
DECRETO 8368/2014;1;1;analise-bpc-loas
PEDILEF 5006875-14.2022.4.04.7005/;1;1;analise-bpc-loas
PROC 5006875-14.2022.4.04.7005;1;1;analise-bpc-loas
PROC 5000875-90.2025.4.03.6141;1;1;analise-bpc-loas
PORTARIA 30/2015;1;1;aposentadoria-deficiencia
PROC 5009827-05.2022.4.04.9999;1;1;aposentadoria-deficiencia
PEDILEF 5009416-32.2013.4.04.7200/;1;1;aposentadoria-idade-hibrida
PROC 5009416-32.2013.4.04.7200;1;1;aposentadoria-idade-hibrida
IN 151/2023;1;1;aposentadoria-idade-hibrida
RE 1298832;1;1;aposentadoria-idade-hibrida
PROC 1002203-88.2021.4.01.9999;1;1;aposentadoria-idade-hibrida
LEI 11738/2008;1;1;aposentadoria-professor-rgps
RE 1221630;1;1;aposentadoria-professor-rgps
PROC 5000515-77.2024.4.04.7204;1;1;aposentadoria-professor-rgps
DECRETO 12686/2025;1;1;aposentadoria-professor-rgps
PORTARIA 09/2014;1;1;auditoria-ppp
PUIL 5000733/;1;1;auxilio-acidente-b94
PUIL 5026380/;1;1;auxilio-acidente-b94
PROC 5034174-92.2023.4.04.0000;1;1;auxilio-acidente-b94
PUIL 0520365-59.2018.4.05.8100.;1;1;auxilio-acidente-b94
PUIL 0520365-59.2018.4.05.8100;1;1;auxilio-acidente-b94
PUIL 5003395-11.2020.4.04.7001;1;1;auxilio-reclusao-previdenciario
TEMA 1017/STF;1;1;auxilio-reclusao-previdenciario
ARE 1163485;1;1;auxilio-reclusao-previdenciario
RESP 1971856;1;1;auxilio-reclusao-previdenciario
RESP 1971857;1;1;auxilio-reclusao-previdenciario
PUIL 5003395-11.2020.4.04.7001.;1;1;auxilio-reclusao-previdenciario
TEMA 73/TNU;1;1;bpc-renda-grupo-familiar
PUIL 0016896-32.2022.4.05.8000/;1;1;bpc-renda-grupo-familiar
PROC 0016896-32.2022.4.05.8000;1;1;bpc-renda-grupo-familiar
PEDILEF 0517397-48.2012.4.05.8300;1;1;bpc-renda-grupo-familiar
PEDILEF 0068530-58.2014.4.03.6301;1;1;bpc-renda-grupo-familiar
PROC 0517397-48.2012.4.05.8300;1;1;bpc-renda-grupo-familiar
PROC 0068530-58.2014.4.03.6301;1;1;bpc-renda-grupo-familiar
PROC 1005191-76.2021.4.01.3502;1;1;bpc-renda-grupo-familiar
RESP 1355052;1;1;bpc-renda-grupo-familiar
TEMA 38/TNU;1;1;bpc-renda-grupo-familiar
ENUNCIADO 16/CRPS;1;1;bpc-renda-grupo-familiar
PROC 1011870-59.2025.4.01.9999;1;1;bpc-renda-grupo-familiar
PUIL 5000078;1;1;contribuicoes-complementacao-ec103
PUIL 5000078-47.2022.4.04.7126;1;1;contribuicoes-complementacao-ec103
PUIL 1001783-60.2024.4.01.3506/;1;1;contribuicoes-complementacao-ec103
PROC 1001783-60.2024.4.01.3506;1;1;contribuicoes-complementacao-ec103
PROC 5007116-46.2016.4.04.7114;1;1;contribuicoes-complementacao-ec103
PORTARIA 1080/2022;1;1;contribuinte-individual-in128
LEI 11959/2009;1;1;contribuinte-individual-in128
RESP 1648336;1;1;decadencia-revisao-previdenciaria
RESP 1644191;1;1;decadencia-revisao-previdenciaria
IN 45/2010;1;1;decadencia-revisao-previdenciaria
PEDILEF 5003556-15.2011.4.04.7008/;1;1;decadencia-revisao-previdenciaria
PROC 5003556-15.2011.4.04.7008;1;1;decadencia-revisao-previdenciaria
PROC 5031598-97.2021.4.04.0000;1;1;decadencia-revisao-previdenciaria
RESP 2178138;1;1;decadencia-revisao-previdenciaria
RESP 2205049;1;1;decadencia-revisao-previdenciaria
MP 1523-9/1997;1;1;decadencia-revisao-previdenciaria
ENUNCIADO 225/FONAJEF;1;1;defesa-probatoria-especial
PUIL 5012678.;1;1;defesa-probatoria-especial
RESP 2080584;1;1;defesa-probatoria-especial
PROC 5043858-07.2024.4.04.0000;1;1;defesa-probatoria-especial
PROC 5001814-57.2022.4.04.7108;1;1;defesa-probatoria-especial
PEDILEF 5003231;1;1;defesa-probatoria-especial
PEDILEF 0001717-15;1;1;defesa-probatoria-especial
LEI 13296/2008;1;1;deficiencia-auditiva-previdenciaria
PORTARIA 2073/2004;1;1;deficiencia-auditiva-previdenciaria
LEI 14183/2021;1;1;direitos-pcd-previdenciarios
DECRETO 9508/2018;1;1;direitos-pcd-previdenciarios
LEI 8080/1990;1;1;direitos-pcd-previdenciarios
IN 133/2022;1;1;documentos-comprobatorios-in128
RESP 1943178;1;1;documentos-comprobatorios-in128
ENUNCIADO 71/FONAJEF;1;1;execucao-cumprimento-previdenciario
DECRETO 6042/2007;1;1;formacao-documentacao-did-pcd
SUMULA 47/STF;1;1;honorarios-contrato-previdenciario
SUMULA VINCULANTE 47;1;1;honorarios-contrato-previdenciario
RESP 400687;1;1;honorarios-contrato-previdenciario
RESP 1070661;1;1;honorarios-contrato-previdenciario
RESP 532377;1;1;honorarios-contrato-previdenciario
RESP 1437413;1;1;honorarios-contrato-previdenciario
RESP 1346171;1;1;honorarios-contrato-previdenciario
RESP 1882117;1;1;honorarios-contrato-previdenciario
RESP 1870793;1;1;impugnacao-cumprimento-concomitantes
RE 567360;1;1;impugnacao-cumprimento-concomitantes
PROC 5001161-52.2025.4.03.6114;1;1;impugnacao-cumprimento-concomitantes
PROC 5053709-78.2021.4.03.9999;1;1;impugnacao-cumprimento-concomitantes
TEMA 1254/STJ;1;1;incidentes-instrucao-crps
RESP 1596774;1;1;incidentes-instrucao-crps
PROC 5011739-64.2017.4.03.0000;1;1;incidentes-instrucao-crps
RESP 2034210;1;1;incidentes-instrucao-crps
PORTARIA 1382/2021;1;1;indenizacao-contribuicoes-atraso
PROC 5012705-83.2021.4.04.7202;1;1;indenizacao-contribuicoes-atraso
PROC 5001692-89.2019.4.04.7127;1;1;indenizacao-contribuicoes-atraso
LEI 5859/1972;1;1;indenizacao-contribuicoes-atraso
DECRETO 71885/1973;1;1;indenizacao-contribuicoes-atraso
RESP 1914019;1;1;indenizacao-contribuicoes-atraso
RESP 1682678;1;1;indenizacao-contribuicoes-atraso
IN 141/2022;1;1;inss-canais-atendimento
DECRETO 9830/2019;1;1;inss-canais-atendimento
DECRETO 9094/2017;1;1;lei-13460-usuario-servico-publico
ADI 6970;1;1;lei-14128-covid-saude
PEDILEF 5013781;1;1;lei-14128-covid-saude
LC 101/2000;1;1;lei-14128-covid-saude
EC 106/2020;1;1;lei-14128-covid-saude
PEDILEF 5013781-29.2023.4.02.5101/;1;1;lei-14128-covid-saude
PROC 5013781-29.2023.4.02.5101;1;1;lei-14128-covid-saude
PROC 5001042-87.2023.4.03.6138;1;1;lei-14128-covid-saude
PROC 0800560-66.2022.4.05.8501;1;1;lei-14128-covid-saude
PROC 1004648-56.2022.4.06.3807;1;1;lei-14128-covid-saude
SUMULA 278/STJ;1;1;lei-14128-covid-saude
RESP 1836016;1;1;lei-14128-covid-saude
RE 1426083;1;1;lei-14128-covid-saude
PORTARIA 264/2013;1;1;mandado-seguranca-previdenciario
PROC 6003549-68.2024.4.06.3815;1;1;mandado-seguranca-previdenciario
PROC 5003880-91.2023.4.04.7005;1;1;mandado-seguranca-previdenciario
PROC 5006303-14.2020.4.04.7204;1;1;mandado-seguranca-previdenciario
PROC 5008662-92.2024.4.04.7107;1;1;mandado-seguranca-previdenciario
PROC 1004475-66.2022.4.01.3000;1;1;mandado-seguranca-previdenciario
PROC 5001807-05.2025.4.03.6133;1;1;mandado-seguranca-previdenciario
RESP 1293389;1;1;mandado-seguranca-previdenciario
PROC 5006814-58.2024.4.04.7208;1;1;mandado-seguranca-previdenciario
LEI 1079/1950;1;1;mandado-seguranca-previdenciario
RE 736971;1;1;ms-competencia-autoridade-coatora
PROC 5002861-51.2020.4.03.6110;1;1;ms-competencia-autoridade-coatora
PROC 5005045-10.2020.4.03.6100;1;1;ms-competencia-autoridade-coatora
TEMA 125/TST;1;1;ntep-nexo-acidentario
PROC 0020465-17.2022.5.04.0521;1;1;ntep-nexo-acidentario
LEI 11430/2006;1;1;ntep-nexo-acidentario
PROC 1009325-32.2025.8.26.0381;1;1;orientacao-cliente-pericia
LEI 10839/2003;1;1;orientacao-cliente-pericia
QO 27/TNU;1;1;pedilef-cotejo-analitico-tnu
QO 11/TNU;1;1;pedilef-cotejo-analitico-tnu
QO 29/TNU;1;1;pedilef-cotejo-analitico-tnu
QO 33/TNU;1;1;pedilef-cotejo-analitico-tnu
QO 31/TNU;1;1;pedilef-cotejo-analitico-tnu
QO 44/TNU;1;1;pedilef-cotejo-analitico-tnu
QO 25/TNU;1;1;pedilef-cotejo-analitico-tnu
QO 15/TNU;1;1;pedilef-cotejo-analitico-tnu
QO 6/TNU;1;1;pedilef-cotejo-analitico-tnu
QO 1/TNU;1;1;pedilef-cotejo-analitico-tnu
QO 7/TNU;1;1;pedilef-cotejo-analitico-tnu
QO 8/TNU;1;1;pedilef-cotejo-analitico-tnu
QO 21/TNU;1;1;pedilef-cotejo-analitico-tnu
QO 30/TNU;1;1;pedilef-cotejo-analitico-tnu
QO 34/TNU;1;1;pedilef-cotejo-analitico-tnu
QO 42/TNU;1;1;pedilef-cotejo-analitico-tnu
QO 45/TNU;1;1;pedilef-cotejo-analitico-tnu
SUMULA 14/STF;1;1;pedilef-cotejo-analitico-tnu
PROC 5006651-15.2023.4.04.7111;1;1;pensao-por-morte
PEDILEF 2005.63.11.006938-1/;1;1;pensao-por-morte
LEI 5017/1966;1;1;pensao-por-morte
PEDILEF 0501099-40.2010.4.05.8400/;1;1;pensao-por-morte
PROC 0501099-40.2010.4.05.8400;1;1;pensao-por-morte
PEDILEF 0501240-21.2022.4.05.8503/;1;1;pensao-por-morte
PROC 0501240-21.2022.4.05.8503;1;1;pensao-por-morte
PROC 5007070-29.2018.4.04.7202;1;1;pensao-por-morte
PEDILEF 2008.72.95.001366-8/;1;1;pensao-por-morte
RE 397762;1;1;pensao-por-morte
PEDILEF 2006.84.00.509436-0/;1;1;pensao-por-morte
PROC 5008885-96.2020.4.04.7200;1;1;pensao-por-morte
PEDILEF 0001076-51.2011.4.03.6306/;1;1;pensao-por-morte
PROC 0001076-51.2011.4.03.6306;1;1;pensao-por-morte
PEDILEF 0506910-51.2005.4.05.8013/;1;1;pensao-por-morte
PROC 0506910-51.2005.4.05.8013;1;1;pensao-por-morte
PROC 1007313-69.2025.4.01.4004;1;1;pensao-por-morte
DECRETO 99710/1990;1;1;pensao-por-morte
PROC 1005296-74.2022.4.01.3807;1;1;pensao-por-morte
PEDILEF 5007366-70.2017.4.04.7110/;1;1;pensao-por-morte
PROC 5007366-70.2017.4.04.7110;1;1;pensao-por-morte
PEDILEF 2007.83.04.501228-9/;1;1;pensao-por-morte
PEDILEF 0004160-11.2017.4.01.4300/;1;1;pensao-por-morte
PROC 0004160-11.2017.4.01.4300;1;1;pensao-por-morte
PEDILEF 0016157-58.2016.4.01.3600;1;1;periodo-graca-qualidade-segurado
PROC 0016157-58.2016.4.01.3600;1;1;periodo-graca-qualidade-segurado
RESP 2188858;1;1;periodo-graca-qualidade-segurado
RESP 1517010;1;1;periodo-graca-qualidade-segurado
PEDILEF 0504272-91.2018.4.05.8400/;1;1;periodo-graca-qualidade-segurado
PROC 0504272-91.2018.4.05.8400;1;1;periodo-graca-qualidade-segurado
RESP 2169736;1;1;periodo-graca-qualidade-segurado
RESP 2188714;1;1;periodo-graca-qualidade-segurado
PUIL 0500120-68.2021.4.05.8311/;1;1;periodo-graca-qualidade-segurado
PROC 0500120-68.2021.4.05.8311;1;1;periodo-graca-qualidade-segurado
PEDILEF 0008405-41.2016.4.01.3802/;1;1;periodo-graca-qualidade-segurado
PROC 0008405-41.2016.4.01.3802;1;1;periodo-graca-qualidade-segurado
TEMA 445/STF;1;1;periodo-graca-qualidade-segurado
LEI 12153/2009;1;1;periodo-graca-qualidade-segurado
TEMA 301/TNU;1;1;periodo-graca-qualidade-segurado
RE 1460766;1;1;periodo-graca-qualidade-segurado
LEI 13457/2017;1;1;periodo-graca-qualidade-segurado
PORTARIA 329/2023;1;1;perspectiva-genero-previdenciario
LC 11/1971;1;1;perspectiva-genero-previdenciario
DECRETO 89312/1984;1;1;perspectiva-genero-previdenciario
PROC 1022338-53.2023.4.01.9999;1;1;perspectiva-genero-previdenciario
PUIL 5018633-93.2022.4.04.7003/;1;1;perspectiva-genero-previdenciario
PROC 5018633-93.2022.4.04.7003;1;1;perspectiva-genero-previdenciario
PROC 0000728-61.2021.4.03.6345;1;1;perspectiva-genero-previdenciario
PROC 5000464-36.2022.4.03.6308;1;1;perspectiva-genero-previdenciario
RESP 1886795;1;1;precedentes-previdenciarios
PEDILEF 0505614-83.2017.4.05.8300/;1;1;precedentes-previdenciarios
PROC 0505614-83.2017.4.05.8300;1;1;precedentes-previdenciarios
PROC 5025093-90.2021.4.04.0000;1;1;precedentes-previdenciarios
PROC 5046160-77.2022.4.04.0000;1;1;precedentes-previdenciarios
PROC 5046190-15.2022.4.04.0000;1;1;precedentes-previdenciarios
RESP 2088158;1;1;precedentes-previdenciarios
RESP 2097977;1;1;precedentes-previdenciarios
TEMA 1178/STJ;1;1;precedentes-previdenciarios
TEMA 353/TNU;1;1;precedentes-previdenciarios
TEMA 1390/STF;1;1;precedentes-previdenciarios
TEMA 1435/STF;1;1;precedentes-previdenciarios
RESP 2018250;1;1;reafirmacao-der
PROC 5009546-58.2023.4.04.7107;1;1;reafirmacao-der
PROC 5003530-59.2021.4.04.7107;1;1;reafirmacao-der
PEDILEF 5053159-26.2022.4.02.5101/;1;1;reafirmacao-der
PROC 5053159-26.2022.4.02.5101;1;1;reafirmacao-der
PUIL 5010957-87.2022.4.03.6303;1;1;reafirmacao-der
PROC 5010957-87.2022.4.03.6303;1;1;reafirmacao-der
PUIL 0504516-58.2020.4.05.8300;1;1;reafirmacao-der
PROC 0504516-58.2020.4.05.8300;1;1;reafirmacao-der
PUIL 5001603-94.2021.4.03.6328;1;1;reafirmacao-der
PROC 5001603-94.2021.4.03.6328;1;1;reafirmacao-der
PUIL 5011229-93.2019.4.04.7003;1;1;reafirmacao-der
PROC 5011229-93.2019.4.04.7003;1;1;reafirmacao-der
PUIL 0107628-06.2021.4.03.6301;1;1;reafirmacao-der
PROC 0107628-06.2021.4.03.6301;1;1;reafirmacao-der
PROC 0002826-46.2016.4.03.6328;1;1;reafirmacao-der
PROC 5007975-25.2013.4.04.7003;1;1;reafirmacao-der
PROC 5002085-60.2021.4.04.9999;1;1;reafirmacao-der
PORTARIA 4061/2022;1;1;recursos-superiores-crps
TEMA 18/TNU;1;1;segurado-especial-rural
PUIL 1001293.;1;1;segurado-especial-rural
PROC 0000719-98.2019.8.06.0122;1;1;segurado-especial-rural
PROC 5010839-54.2022.4.04.9999;1;1;segurado-especial-rural
PROC 5004512-59.2023.4.04.9999;1;1;segurado-especial-rural
RESP 1913152;1;1;tema-1124-instrucao-administrativa
RESP 1912784;1;1;tema-1124-instrucao-administrativa
LEI 12350/2010;1;1;tributacao-beneficios-previdenciarios
DECRETO 9580/2018;1;1;tributacao-beneficios-previdenciarios
LEI 10833/2003;1;1;tributacao-beneficios-previdenciarios
RESP 1706816;1;1;tributacao-beneficios-previdenciarios
RESP 1713224;1;1;tributacao-beneficios-previdenciarios
RESP 1664635;1;1;tributacao-beneficios-previdenciarios
RESP 1472182;1;1;tributacao-beneficios-previdenciarios
